1892-12-24,2196,894,#576458,#9c9c8b,#f2e8d0,#778072
1893-01-14,1604,438,#8e8d84,#d1cec0,#b0aea3,#5f6463
1893-01-21,1864,827,#b6b4a5,#9d998f,#4c4c46,#63635c
1893-02-04,979,313,#aeaca1,#85847b,#5b5a54,#d3d3c3
1893-02-11,2301,802,#6d6c65,#afac9f,#8c8b81,#4e4e48
1893-02-18,2311,618,#dad8c8,#62615b,#3d3c38,#b0afa4
1893-03-04,1655,455,#3b3c37,#dad8c4,#94948b,#5f5f59
1893-03-18,977,430,#43433d,#8a897e,#65655d,#acab9e
1893-03-25,1208,397,#828179,#a8a2a1,#5f5f59,#d8d4c0
1893-05-06,1060,397,#423d3a,#e2dec8,#78746b,#8c0dee
1893-05-13,1377,1224,#484641,#a7a496,#89877c,#716d66
1893-06-24,898,659,#616059,#c0bca9,#3e3e3a,#7e7f77
1893-07-08,1951,758,#bebcae,#e2deca,#9f9e93,#454541
1893-07-22,1444,2109,#95948a,#bdbbad,#52524e,#75746e
1893-07-29,2164,781,#d0d0c1,#383935,#5b5852,#a3a399
1893-08-12,1177,432,#8b8a81,#abaa9e,#c7c5b6,#656463
1893-08-19,2280,756,#888782,#5c5c57,#b6b6ad,#3a3a36
1893-09-09,1683,458,#b2b3a8,#60625c,#888981,#dadaca
1893-09-21,876,240,#7f7e75,#a6a497,#3c3c39,#c1c1b1
1893-10-12,2086,795,#9b9a93,#5f5e5a,#42403d,#787872
1893-10-26,1648,534,#666967,#d7d8d2,#959899,#f9faf2
1893-11-09,1925,734,#d5d4c5,#767d75,#575955,#3d3f3c
1893-12-28,1750,526,#989181,#59564d,#7a7568,#bcb29d
1894-01-04,1567,959,#cac5b2,#696961,#b8b4a3,#908f7f
1894-01-25,1365,682,#7a7a74,#e0dcd0,#9a9a91,#bebdb1
1894-03-01,2253,694,#40413e,#92928c,#757771,#5c5d59
1894-03-15,1739,869,#adaea6,#6b6c69,#474846,#8a8b86
1894-04-05,1843,782,#626059,#bab3a4,#8a857c,#dbd2c0
1894-04-12,1059,573,#8b8b83,#ababa1,#474843,#696d64
1894-04-26,2197,1233,#363736,#5f5f5c,#b9b6aa,#8d8a82
1894-05-10,681,611,#343231,#727272,#bababa,#f3f3f3
1894-05-17,1221,435,#abaa9d,#71756e,#55554e,#c2c1b2
1894-05-24,764,597,#454543,#787871,#cecdc1,#aeaea6
1894-05-31,622,331,#454642,#6e6f69,#979890,#bcbcb0
1894-06-14,616,166,#75756e,#e4e1d1,#b8b7ab,#8f8f87
1894-06-21,835,294,#6c6d67,#999990,#08e299,#cac9ba
1894-07-05,1760,562,#bcb5a4,#4c4a44,#989487,#723dfc
1894-07-12,1590,342,#a0a39f,#848580,#cbccc3,#5d5e5a
1894-07-19,1072,450,#70716e,#f4f4e7,#b5b5b0,#dbdbd1
1894-07-26,570,146,#7c7d79,#dadbd1,#646561,#c0c1b9
1894-08-16,819,743,#b3b4ad,#949590,#686e6b,#cfcfc6
1894-09-06,1575,581,#74726a,#d1cbbb,#514f49,#4bdc09
1894-09-20,1451,599,#d8d7cc,#d401ee,#636460,#8e8e88
1894-09-27,1625,373,#beb7ab,#464d45,#dbd2c4,#75726b
1894-10-11,1887,950,#c3c5be,#555652,#919691,#aeb2ac
1894-10-18,1395,557,#6f706e,#f0f1e7,#50524e,#8d8e8c
1894-10-25,2152,689,#b1b2ac,#979793,#f4f5ea,#cdcdc7
1894-11-08,2134,882,#eceee6,#4f524f,#989b98,#c7cac4
1894-11-15,1238,419,#464846,#c1c6be,#616361,#e6e8de
1894-11-22,1124,411,#4e4e4c,#bdbeb8,#676866,#877f88
1895-01-03,1930,746,#c3c6b7,#6b7063,#acb0a1,#5b6153
1895-01-10,1834,651,#55534c,#b6b4a3,#6a6860,#c22ebb
1895-02-14,2417,1660,#677064,#bdc0b3,#a0a498,#838a7e
1895-02-28,1050,355,#c0bba8,#d918bf,#7f7c6f,#9a9687
1895-03-14,1533,611,#acad96,#e3dabe,#717764,#8f927e
1895-04-25,779,298,#9da292,#5c6056,#bcbeac,#808678
1895-05-02,2198,1207,#b2b5a4,#c8cab7,#9a9e8f,#797e7a
1895-05-30,1763,729,#f5f2e0,#7d8477,#596256,#cacbbd
1895-08-01,1203,426,#8c8f7e,#fbf2da,#bdbba7,#885d0b
1895-08-08,2303,559,#767768,#f9f3da,#a5a795,#cbcab6
1895-08-15,1697,625,#ebe2cc,#7f7e6b,#bfbda7,#a2a18e
1895-09-05,1740,1251,#464648,#817f82,#9a999b,#bababb
1895-09-12,2317,941,#867e71,#cbbda6,#e1d2b6,#a79c8c
1895-09-26,2148,768,#e5d8bb,#5d584f,#9f9686,#c0b6a0
1895-10-10,2125,665,#b7b5a1,#9e9988,#807d71,#dfd5b9
1895-11-07,2122,703,#8e9284,#d3d3c1,#686f61,#bcbfae
1895-12-12,1712,764,#d7d4c0,#7e8274,#666d5d,#bdbeab
1896-03-05,2571,1391,#e6dcc9,#87847b,#393733,#605e59
1896-04-02,2758,2026,#43443f,#908d7d,#d7cdad,#6a6a60
1896-04-09,1656,818,#8e8c80,#d2cbb8,#504d47,#737068
1896-04-16,2820,1568,#726e65,#d9d1bc,#b6af9e,#504d46
1896-05-28,1952,810,#a09c83,#282925,#616055,#7f7d6c
1896-06-04,2782,1628,#77766c,#e3dcc3,#54544e,#9b998b
1896-07-09,1557,1149,#a0a08e,#2f302b,#454640,#7f7f72
1896-07-23,1698,708,#9d9b8e,#5e5e57,#3d3d39,#c4c0ad
1896-07-30,1992,551,#afac9a,#4b4b45,#828074,#2de971
1896-08-13,1919,666,#6b6861,#a7a396,#838176,#4a4a44
1896-08-20,1812,745,#dfdbc4,#8b8a7f,#a9a89a,#4c4d48
1896-08-27,1277,498,#b7b099,#45443d,#7f7c6c,#615f54
1896-09-03,1931,1153,#8f8d81,#64645c,#d8d3bb,#b1ae9e
1896-09-17,2394,1842,#7c796e,#474741,#969283,#d5cbb2
1896-09-24,1626,794,#62615a,#50504a,#ada998,#838076
1896-10-29,2526,2658,#78746b,#4b4943,#b9b1a1,#dbd1bd
1896-11-19,2428,1554,#373833,#5a5a53,#ded6bb,#89867a
1896-12-03,2344,1497,#484842,#858475,#aca893,#d4cdb1
1897-01-14,2700,1266,#6d6d64,#9f9a89,#878477,#d0c5a9
1897-03-04,2650,1230,#e7e7dd,#6c6f6f,#939590,#ccccc5
1897-04-08,2505,840,#43413d,#beb8a8,#5e5c55,#9a948d
1897-07-22,2143,986,#95958e,#d2d1c5,#f2f0e0,#b6b5ab
1897-08-26,1886,1128,#ecead8,#a6a69d,#525350,#c8c7ba
1897-09-02,2442,716,#b2ad9d,#43413d,#7b776e,#c0163b
1897-09-09,2775,1166,#d4c8ae,#8b8678,#736f64,#b1aa96
1897-09-16,2463,865,#69665c,#aba390,#55534b,#888172
1897-10-14,2280,1209,#4d4e48,#bbb7a4,#e5dcc2,#706e64
1897-11-18,1621,538,#44423d,#bbb9ac,#5d5d57,#7b7b73
1897-12-02,2800,1136,#9b9a8f,#464741,#c3c1b0,#eee9d0
1897-12-09,2519,1855,#e5dfc9,#75746b,#9f9d90,#c5c1b0
1897-12-23,2918,1177,#575750,#c1bfae,#73736a,#eee8d0
1898-02-24,3094,1063,#c5c8b8,#454a3b,#fcfce7,#7d8473
1898-03-17,1705,481,#9ba091,#7b8274,#d4d4c3,#b6b8a5
1898-04-07,2201,2264,#5e6557,#898e7e,#b5b8a7,#dbd9c7
1898-05-12,2767,2266,#8b8b8e,#c9caca,#a8a8aa,#717073
1898-05-19,3012,2153,#cacbca,#fafbec,#484849,#9d9da0
1898-05-26,2441,678,#828284,#a7a9a9,#fbfbed,#5d5d5e
1898-06-02,2797,2312,#fcf5da,#cccab5,#878b7a,#e5dfc9
1898-06-09,1689,1088,#696d5f,#afb09e,#9a9b8b,#e3ddc8
1898-06-16,1785,817,#eee8d2,#686f61,#a3a796,#808676
1898-06-23,2899,1157,#bab6a2,#d7d2b9,#a09d8c,#65655b
1898-06-30,1619,1073,#d6d0b8,#4c4c44,#9e9b8c,#7f7f73
1898-07-07,2546,885,#706d62,#393933,#b4b29e,#929081
1898-08-25,1991,964,#a19b85,#4a4941,#2b2c26,#888472
1898-09-15,1488,792,#55574d,#3b3c36,#777769,#272824
1898-10-27,2889,2127,#f2efdb,#80807a,#c9c8ba,#575854
1899-01-05,2538,937,#cfc7b1,#46443e,#878276,#b1aa97
1899-01-19,2683,1141,#acab9e,#555750,#c6c4b4,#909086
1899-03-23,2122,1164,#afada0,#4b4c47,#6b6b64,#d2cebd
1899-03-30,3458,1554,#7c7d75,#e7e4d0,#a3a297,#c2c0b1
1899-05-11,3119,1445,#4e4f4a,#e7e4cf,#c2c1b2,#7b7c76
1899-07-27,2510,892,#62625c,#b8bbaf,#8e8e84,#393a37
1899-08-10,1975,630,#74756d,#9f44e4,#545650,#c4c3b4
1899-09-28,2634,2113,#a6a496,#85857b,#313231,#4c4d49
1899-10-05,2620,1996,#50514c,#bfbaa6,#aca797,#8d8a7f
1899-10-26,2579,1367,#97988d,#e5e2cc,#b9b8a9,#4f504b
1899-11-23,2602,2336,#61615a,#ded8c0,#4b4b46,#7f7e74
1900-01-11,2750,1706,#69665f,#b3ad9f,#e2d8c5,#484640
1900-02-08,2533,1643,#bbbaab,#909388,#4b4c46,#5e5f58
1900-02-15,1772,472,#bdbbab,#75756d,#959489,#0e19ed
1900-02-22,2021,694,#6e7066,#ece8d2,#8e8e83,#b2b2a2
1900-03-15,1914,485,#c8c4af,#6a6a60,#4e5149,#828175
1900-04-12,2283,1653,#c0bca8,#3d3d37,#848376,#a5a392
1900-05-24,1891,1155,#aeab9e,#787770,#5e5f58,#444540
1900-05-31,2008,648,#4b4c45,#9f9b89,#878476,#696b61
1900-06-21,1532,602,#a9a596,#56554f,#726e66,#c8c3af
1900-07-12,2926,1691,#c0bdad,#73736c,#9c9b8f,#4e4f4b
1900-07-19,2192,903,#c3c1b1,#a7a599,#807f79,#575755
1900-08-09,644,576,#50514c,#b1b0a2,#2849d9,#87877d
1900-08-16,2677,1058,#e0dbc7,#494a47,#75756e,#9b998f
1900-08-23,2689,1357,#a5a496,#76766e,#41423e,#efead3
1900-10-04,2443,720,#cec8af,#e8e1c2,#a3a08e,#6c6d61
1900-10-11,3264,1460,#a39f91,#cdc6b3,#484642,#68675f
1900-10-18,1029,451,#a29f8f,#56554e,#e51745,#747268
1900-12-27,1851,466,#bab3a1,#68645c,#42403b,#aa38d5
1901-01-10,1706,1133,#d3d3c2,#737a6c,#949a8b,#586153
1901-02-07,1389,552,#959886,#666d5c,#aeb29f,#7e8271
1901-02-21,2833,1110,#a6a998,#84897a,#f0e9d3,#515a4f
1901-03-07,1965,506,#444445,#f2b705,#69696b,#bebec2
1901-03-14,2744,1992,#f9f4e0,#8f9486,#6c7366,#dbdac9
1901-04-04,1877,586,#bdbec1,#726e73,#3e3e3f,#58585a
1901-04-11,2991,1237,#f8eed4,#d4d0b9,#797f6e,#bbbaa5
1901-04-18,3092,2029,#d34c55,#496353,#e5dbc9,#d9787b
1901-05-02,1357,1024,#c5c4ae,#848978,#6c7364,#a8aa96
1901-05-16,2796,2131,#f8f2dd,#717a6b,#c0c3b2,#dadac7
1901-05-23,2809,950,#827f75,#aea898,#42403a,#d2c8b2
1901-06-13,1468,582,#aeb1a0,#d0d0be,#909485,#f8f3de
1901-06-27,3119,1959,#d9cfbc,#53514b,#a09b8d,#bab3a4
1901-08-01,2305,578,#626a5e,#d8d8ca,#bac2b1,#7f8679
1901-08-08,2723,2347,#e2dfcc,#8f9485,#bfc0b0,#faf4de
1901-08-22,392,343,#8b9381,#5f6658,#a6ae9e,#373c32
1901-09-26,2634,1907,#faf3d7,#919582,#ede5cc,#c4c3ad
1901-10-10,3198,2353,#c2bea6,#f7eacb,#6a6f5f,#9e9e89
1901-10-17,1546,1086,#3b3a36,#8f8a7c,#716e64,#a2a191
1901-10-31,2955,2270,#e1dbcc,#6a6963,#929188,#bebbae
1901-11-07,3029,2128,#6d584e,#97877c,#d8b25a,#ddd6c2
1901-11-14,2933,1117,#e7eade,#c1c7ba,#393e33,#656d5f
1901-11-21,1758,1147,#fcf7e3,#939a8c,#d8d8c7,#707a6d
1901-11-28,2703,2092,#99a093,#6e7668,#ccd1c7,#3d4135
1901-12-19,2987,2049,#868a7a,#d2cfbc,#f5edd7,#525a4e
1901-12-26,2140,656,#656d5b,#a8af98,#434a3a,#838c77
1902-01-02,1011,433,#48443e,#c7b79c,#635d53,#9c997d
1902-01-16,2640,1442,#43433f,#85847b,#696962,#54554f
1902-01-30,2701,2406,#79776c,#d4caaf,#3e3e3a,#959183
1902-02-06,2697,1039,#696963,#bebcac,#908f85,#484945
1902-02-20,2437,559,#63615e,#c3c0af,#3d3d39,#4f4f4a
1902-03-06,1830,684,#6e6863,#b0aa98,#4f4d48,#cac2ad
1902-03-20,3303,1395,#b6b4a6,#474641,#828078,#63625b
1902-03-27,2992,1920,#dbcfb5,#716d63,#a19b8b,#c0b7a2
1902-04-03,1195,706,#7e8077,#54514b,#6a675f,#c5bfab
1902-04-10,1925,776,#ada695,#43413c,#57544d,#6f6b61
1902-05-08,2757,2089,#bab5a2,#76756c,#9d9a8c,#4d4e49
1902-05-22,1202,784,#d5d0b8,#3d3f3b,#8a8982,#5f5f59
1902-05-29,2118,530,#6f6d65,#c4bfac,#a19e8f,#4f4f49
1902-06-19,1041,421,#4d4e4a,#d5d0bc,#9b9a8e,#df19da
1902-08-21,2368,818,#bcbbb0,#3e3f3d,#999891,#777672
1902-08-28,2884,1854,#c8c7b8,#a4a499,#4a4c48,#787872
1902-09-11,2269,503,#6c6b61,#c0bca7,#8a877a,#a6a291
1902-09-18,3141,1780,#41423f,#7d7a71,#dbd7c1,#a5a497
1902-10-02,2031,538,#5e5e58,#c5c2b1,#7a7773,#9b9a8f
1902-10-09,2001,1227,#393834,#928e83,#726f68,#b9b3a4
1902-11-13,2215,1556,#ddd7c1,#a6a396,#807f77,#595a54
1902-11-20,2970,1277,#4d4d49,#adaa9b,#706f69,#d9d2ba
1902-12-04,2857,2080,#b8886c,#b17558,#c29e84,#cab097
1902-12-18,1887,759,#c8c5b3,#77776f,#abaa9d,#50504d
1903-01-01,2979,1538,#b6ac96,#d3c5ac,#55524b,#9c9483
1903-01-08,2223,881,#989891,#646562,#7f7f7b,#484947
1903-02-05,2546,590,#3f4141,#7e7f7b,#aaa6a1,#5f605e
1903-02-12,2315,822,#bab9b1,#4b4c49,#eae9db,#6a6a67
1903-02-19,2464,674,#7c796e,#a19c8d,#605d56,#bdb6a3
1903-03-12,2121,758,#e0dcc2,#383a37,#afaf9d,#7d8074
1903-04-16,1896,1376,#d3b591,#ab8b70,#5c4b40,#dfd1b4
1903-04-23,2418,725,#6a6a66,#afada1,#d9d6c5,#4b4b48
1903-04-30,1244,635,#dfdac0,#807e72,#a09d8e,#5b5951
1903-05-21,2088,708,#6b6c69,#b5b4a4,#494b47,#303231
1903-05-28,1118,607,#dcd6bc,#6e6e66,#969587,#4d4e4a
1903-06-04,2329,755,#4a4a46,#6e6e67,#e5e1cd,#b8b6a8
1903-06-25,2411,1750,#d9d6c5,#353634,#8d8d85,#646460
1903-07-16,2999,1774,#727470,#9a9c96,#dbddd0,#bfc2b7
1903-08-06,1722,1143,#7c7d78,#eeecda,#acaea3,#cbcabe
1903-09-03,883,380,#3a3937,#a7a393,#5e5c55,#d93e1a
1903-09-17,3077,1901,#a09e92,#cecbb7,#4d4d4a,#f0ebd0
1903-10-01,2717,1663,#aca696,#4f4e49,#c7bfaa,#8a867a
1903-10-08,1583,829,#b3b5ad,#727471,#92938f,#535452
1903-10-15,1923,1206,#d0cebf,#8d8b85,#6e6e68,#484945
1903-10-22,1815,597,#8e8e88,#737369,#52534f,#343534
1903-10-29,3021,1763,#e1d7bc,#626057,#868275,#b1ab98
1903-11-05,2709,1254,#585645,#898b64,#aaab88,#c8c4aa
1903-11-19,1165,410,#8e8d83,#56594f,#71716a,#a9a79b
1903-12-17,845,615,#9a9b93,#5a5b58,#414342,#cbcbbe
1903-12-24,1583,502,#75756b,#615f55,#40403b,#bbb9a7
1904-01-28,2870,1356,#7d8478,#a6ab9e,#f9f6e4,#5d665a
1904-02-11,2626,1903,#d2caab,#b7b397,#747662,#595e4f
1904-02-18,1919,1389,#d4d1d5,#9f97b8,#b9b4c6,#8578aa
1904-03-03,1823,1561,#918b7e,#ded3bb,#494641,#6e6a61
1904-03-31,2716,1962,#bfc3b3,#898f81,#6b7367,#acb0a1
1904-04-07,1833,1357,#a8a38a,#595746,#d1c9ac,#3b382b
1904-04-21,1631,591,#686f61,#763ee7,#8d9281,#cdccb5
1904-04-28,1357,531,#bbb9a0,#737766,#f3e5c8,#969680
1904-05-12,2895,1658,#5a5e54,#9ca297,#7e8378,#3f4038
1904-05-19,2117,812,#6c7467,#aeb1a1,#cecebd,#e9e5d3
1904-06-09,2887,1598,#aaae9f,#c7c9b8,#5f675d,#e6e2cf
1904-06-16,3340,1993,#fcf8e4,#83897d,#bdc3b4,#535b52
1904-06-23,1858,828,#e4e1d0,#c3c7b7,#586156,#9aa192
1904-06-30,2241,1706,#8a927e,#6f7564,#b2b8a2,#ebe7d0
1904-07-07,1605,1605,#d4d8c9,#f9fae8,#676e5f,#3b3e34
1904-07-14,2279,1751,#f1f3e7,#71786b,#c3c8bc,#959c8e
1904-07-21,1466,678,#7e8376,#3f4238,#abb0a3,#5e6257
1904-07-28,3208,2340,#7d8577,#fcfcf0,#494d43,#aeb4a7
1904-08-18,3370,1916,#858b7e,#d3d4c3,#adb1a2,#f8f2de
1904-09-01,3021,1510,#d4c9af,#726c62,#958f7f,#47433e
1904-09-08,2789,1707,#a1a392,#f1e9d1,#cac9b4,#5d6357
1904-09-29,1945,480,#7d7664,#a09b84,#39372d,#c4bea5
1904-10-06,1916,991,#c5bda7,#59584f,#383734,#a4a18f
1904-10-27,1928,600,#d8d8c9,#bfc2b4,#848a7f,#656d65
1904-11-03,2768,2280,#fbf4da,#3e4038,#b2b6a1,#767c6a
1904-11-10,3348,1132,#cfc199,#826f50,#f2deb3,#faf2d9
1904-12-01,2260,1718,#454840,#dfe1d1,#878f80,#63685c
1904-12-15,3191,2028,#d1d3c6,#fbfced,#9ca294,#4b4f46
1904-12-22,1973,1147,#474a41,#61665a,#c5cabc,#9da394
1905-02-23,3072,2280,#e5e2cd,#62635e,#8e8e86,#444542
1905-04-06,2721,1799,#807f74,#d5ceb5,#40413d,#a6a293
1905-04-27,1951,727,#aca998,#42433f,#8d8b7f,#c6c1ac
1905-05-11,2379,2197,#51514c,#b6b3a2,#8f8e82,#6c6c64
1905-05-18,2339,1488,#e3d3ae,#646151,#b2a88c,#cbbe9e
1905-06-08,2735,2514,#a7a597,#c2bead,#e4dec6,#42433f
1905-07-13,3299,2538,#afa693,#ccc0a8,#e2d5ba,#56534c
1905-08-03,1927,696,#978d84,#b1a998,#4f4b45,#757066
1905-08-10,3094,2186,#a9a28f,#d1c6ad,#4f4b45,#7c776a
1905-10-05,2216,894,#484540,#dcd1b9,#7e7a6e,#aba593
1905-10-12,2685,1773,#69655b,#847f72,#a69f8f,#56524b
1905-10-19,3232,2160,#ddd3b9,#4f4c46,#a39d8c,#c0b9a3
1905-10-26,789,647,#6d695e,#868174,#35c65f,#aaa492
1905-11-02,2465,1877,#d2c7b1,#767268,#9e9889,#514f49
1905-11-09,2866,2569,#d6cbb4,#716c61,#968f80,#4c4943
1905-11-23,3535,2297,#ddd0b9,#a59c8c,#726d62,#c9bda6
1905-11-30,2701,1762,#43413b,#777266,#58544e,#2e2d2a
1905-12-07,965,607,#974f48,#494540,#959985,#657570
1905-12-14,2680,1541,#4b4842,#aaa190,#928c7d,#6f6b61
1905-12-21,2716,1866,#d5c9af,#6c685e,#383733,#958f80
1906-01-11,3084,1883,#ebe6d1,#575854,#a2a096,#bfbcae
1906-01-25,2863,2011,#918e7e,#cac3a8,#6c6b60,#e5dbbb
1906-02-08,2841,1397,#eae4c6,#53544d,#6b6b62,#b0ae9d
1906-02-15,2367,1822,#b5b19f,#707067,#ddd7be,#444541
1906-02-22,3979,2061,#baa686,#978b70,#7b6a56,#544a40
1906-03-15,2460,1359,#56534c,#cdc4b0,#79756b,#34332f
1906-04-26,2763,1259,#6d6a5d,#c9be9f,#a39d85,#514f46
1906-05-03,3236,2073,#dcd6be,#8f8d82,#bcb6a7,#efe7cd
1906-05-31,2989,1955,#646661,#f1eed9,#cbcabb,#afafa3
1906-06-14,2924,1821,#8b8b83,#d6d3c0,#bdb9ad,#f3efd7
1906-06-21,3151,1993,#c4c3b2,#4a4c49,#f3efd6,#8d8d84
1906-06-28,2922,1888,#9d9c90,#75756d,#bdbaaa,#eae5cd
1906-07-05,2944,2749,#4d4f4a,#b9b8a7,#707169,#dcd8c1
1906-07-26,2776,1702,#bab8a8,#51534e,#97968b,#d5d1be
1906-09-27,2947,2567,#d1cebd,#83837b,#aeab9f,#f3f0d9
1906-10-04,1654,1310,#a4a59d,#c3c3b8,#80827d,#616360
1906-10-18,2259,1760,#908e7e,#c9c3aa,#a7a391,#595852
1906-10-25,3426,1801,#c1bfab,#eee8cf,#686761,#4c4c4a
1906-11-15,2703,2371,#6f6e68,#d6d2c0,#959389,#bbb7a9
1906-11-22,1553,548,#494948,#efe7cc,#686662,#aca89a
1906-12-06,2064,723,#40373a,#794b42,#be9675,#aa6f55
1906-12-27,3097,2290,#575750,#d7ceb1,#8c8879,#6d6b61
1907-03-07,2674,1664,#585650,#938f81,#e6dbbf,#363634
1907-03-14,2789,1752,#ceacaa,#b1707e,#be8c93,#a4586c
1907-04-04,1427,1034,#bfbcac,#73736e,#d7d4c0,#555653
1907-04-18,2905,2542,#4a433f,#bca68b,#e0d6c7,#968362
1907-04-25,2629,1921,#5f605a,#9d9d93,#c5c4b4,#82827b
1907-05-02,2633,1721,#eae0c0,#474740,#aca793,#d0c8ae
1907-05-09,2593,1957,#828179,#5b5b56,#bdbbad,#706f69
1907-05-16,2725,1344,#979282,#55544c,#6c6a5f,#dbd3b6
1907-06-06,2859,1611,#7d7c73,#dcd7c0,#585853,#9c9c8f
1907-06-13,2539,1972,#8a877c,#42423d,#605f57,#e2dabc
1907-06-20,2677,1782,#6e6d66,#4e4e49,#cbc7b4,#ede7ce
1907-06-27,2331,2257,#b3ad98,#585750,#928e7f,#40403b
1907-07-04,1887,786,#7f7d71,#c3beab,#5e5c54,#44423c
1907-07-11,2863,1459,#5c5b52,#9a9786,#7a786c,#c3bea6
1907-07-18,3071,2604,#3a3b36,#8b827b,#d3d0c7,#afa59b
1907-07-25,2552,1952,#6f6d62,#403f3a,#ede3c4,#d8d1b6
1907-10-03,2566,1855,#5a584c,#373631,#837e6a,#afa586
1907-10-17,2494,1131,#7c7c76,#5d5d57,#bbb8ab,#41413d
1907-11-14,1273,684,#8c8b80,#ccc8b7,#52514a,#6c6c63
1907-12-19,2443,2012,#52524c,#6e6e67,#e8e5d1,#898980
1908-01-02,2838,1713,#706a62,#9c9285,#5e5953,#b5aa9a
1908-02-20,2845,2186,#3e3837,#968980,#d1cbb4,#77675d
1908-02-27,2784,1907,#6b6a65,#a1a098,#50504b,#85857f
1908-03-12,2636,2085,#9c9886,#c1b6a0,#595952,#e4d9b8
1908-03-26,2605,2163,#50514c,#6c6c65,#88877c,#aba99a
1908-05-21,1747,1048,#a59780,#b7ada3,#4e4137,#857a6b
1908-11-05,2251,571,#6f5f5c,#ab6858,#b0837b,#48433f
1908-12-03,2859,1449,#33312f,#d5cbb9,#aca496,#585248
1909-02-18,3839,1943,#815c51,#fcfdf4,#c0c3bb,#e3e2d5
1909-03-04,3235,1113,#b4afa5,#817f7a,#d2ccbd,#635f5c
1909-03-18,3223,1082,#947f67,#443b38,#7d6652,#615047
1909-06-24,3955,1957,#f3f4ee,#4f4337,#776659,#cfcfc8
1909-07-15,1232,370,#a9a89d,#40413e,#7d7d76,#585954
1909-08-19,2501,1880,#91867d,#59504a,#746a62,#d0cbc1
1909-09-04,2321,1895,#4f4a44,#d0c7b0,#928b7d,#aea796
1909-10-30,4482,2026,#a08780,#2b2829,#cec4b5,#795f5e
1909-11-06,3155,2737,#e0dfd5,#8c8880,#5d5d5b,#bab7af
1909-11-13,3153,2066,#b4a592,#62534b,#a18e78,#373438
1909-11-20,4595,2737,#525151,#fcfcf6,#e2e0d6,#9d9995
1909-12-04,3674,1221,#d2cbc1,#725e52,#a2766c,#51433d
1910-01-15,4952,3113,#76705c,#b0a286,#303136,#e8ebe8
1910-03-01,3037,1793,#e6dece,#988984,#6d656b,#453f47
1910-04-01,4839,1219,#e9dfcb,#7c5d54,#444342,#a49987
1910-05-01,2895,2143,#2f2926,#463f3a,#8e8479,#56534e
1910-05-15,3533,2308,#434341,#dfd8ce,#86817d,#aea59f
1910-06-01,4523,3079,#c6b8a6,#8e7a68,#b39886,#e0daca
1910-06-15,3444,1470,#3f3b39,#c6c0b2,#765d56,#aca69b
1910-08-15,4126,1790,#a68675,#c2b7ad,#4b3d35,#7f6453
1910-10-01,4026,1315,#e5dbcc,#746e6e,#504745,#d3b99c
1910-10-15,3552,2743,#d9d0bc,#655b53,#978474,#bba68f
1910-11-01,4981,1869,#838265,#9f9a8b,#393632,#d1c7b7
1911-01-15,3948,1411,#262925,#8b8a78,#b2b1a0,#afa45a
1911-02-01,3551,2049,#695d53,#b28b7a,#d5caaa,#46403b
1911-04-01,2624,1350,#cec6ae,#443c37,#aba186,#8f7a69
1911-05-01,3819,2301,#bea295,#a48073,#4c403c,#735c50
1911-06-01,4511,1854,#2e2e34,#e2dad3,#827a79,#514f55
1911-06-15,3626,1593,#ddbf8d,#957784,#5b5e60,#858e63
1911-07-01,1425,1313,#2c2a2c,#a9968a,#7f7869,#624d45
1911-07-15,4817,817,#798a92,#ba7d79,#4c5864,#d4bea1
1911-09-01,3728,2172,#cdbfae,#63525b,#a7978a,#7e6873
1911-11-01,4413,2139,#c5bfbc,#a89aa1,#352f30,#556455
1911-12-15,3099,2521,#cdbd71,#8f715c,#bb9b83,#e2d7bb
1912-04-15,3462,1604,#d18a6a,#384651,#e9e4c2,#87644f
1912-05-15,4214,1263,#1c1e1b,#dfd1c0,#b78662,#67321c
1912-06-15,2476,1964,#d2cabb,#7e7261,#a79585,#64594c
1912-07-15,3800,1385,#a6a0a4,#beaf9a,#8f8781,#515367
1912-08-15,2459,1271,#d0c9bb,#42424e,#c06a7a,#7c7f6d
1912-09-01,3310,1059,#666661,#ba8363,#42464d,#3e4a6c
1913-01-15,3861,1071,#ab6d3a,#5d4d2a,#728c6e,#c6b07b
1913-02-01,3213,2970,#505c72,#af886f,#d3c7b6,#8b5f50
1913-03-01,3413,1573,#626443,#836b76,#a58f67,#d1b9b3
1913-05-15,3944,1461,#af6565,#3c3635,#bc9a8a,#c3bab4
1913-06-01,3903,1371,#738672,#373336,#be5156,#d6cfb9
1913-06-15,3535,2058,#514a4a,#dbd8d5,#bbb2aa,#9f978e
1913-07-15,3592,1847,#6e5134,#af9e89,#26303a,#d1cbba
1913-08-01,4509,1308,#9aa4a3,#c2a96e,#72625b,#494564
1913-08-15,2169,1071,#9c8a73,#424d66,#d2c7b5,#302c2e
1913-10-01,3698,1257,#b1884b,#b6aca5,#50534f,#a67b81
1913-10-15,3186,2422,#c2b29f,#b28062,#322e2b,#675645
1914-01-01,2678,1481,#2f2f2d,#b8b2aa,#897660,#9b9499
1914-01-15,4077,1424,#6a5f65,#372c2d,#9f8384,#c3ab95
1914-02-15,2629,1737,#372d2e,#564c43,#84867d,#74685d
1914-03-01,3762,1807,#5a5755,#c4b89e,#322f2d,#797672
1914-03-15,2095,1515,#a27b7a,#697765,#865b61,#4a3838
1914-04-15,3446,2068,#ad6852,#9d918d,#384b5d,#c3b5aa
1914-08-15,3751,2015,#2a2222,#cba390,#5c4a36,#dfd2c7
1914-09-01,1826,741,#53645b,#9c8181,#c1beb7,#ceaf98
1915-07-15,1297,1099,#cea356,#e3cfc4,#4d4557,#976657
1916-02-15,3493,2683,#b9ae8a,#383033,#7a7466,#a09787
1916-07-01,2276,1758,#272828,#4f6c85,#98885f,#bdad81
1916-08-01,3815,2302,#b7b2aa,#989b92,#cfc8be,#52606d
1916-10-01,2963,1948,#cbc2b2,#342e2c,#7e6955,#c3a66e
1916-12-01,3140,1863,#a64d63,#857770,#4a4153,#b59f9d
1917-03-15,1644,1204,#ccc4b5,#74664c,#c48391,#564e40
1917-07-01,2609,1554,#9b8b94,#b18378,#6f615b,#292524
1917-09-01,3357,2227,#77655f,#b2a8a5,#d0bba7,#484242
1917-10-01,3242,1787,#965649,#a89a86,#423834,#917f6e
1917-10-15,3754,1999,#9e8f71,#775d58,#c1b8a8,#536d7d
1917-12-01,3278,1514,#d59366,#a4997b,#6d6969,#3c3331
1918-03-01,3438,1632,#2e2d35,#6e7d81,#cbac9c,#d6c9b5
1918-05-01,3488,2173,#353943,#959188,#c2bfb2,#b34b49
1918-06-15,2139,2646,#686457,#9d9782,#cac6c1,#b4aba5
1918-07-01,4247,2505,#6a6469,#b57b7e,#d8c6b8,#2e2c2b
1918-07-15,3155,1063,#c1ad92,#bf797a,#8b5f55,#393731
1918-08-01,3843,2345,#7f7c70,#bfb89b,#58615a,#3e3d3a
1918-09-01,3890,1595,#445570,#d2bfa7,#312a27,#ab8662
1918-10-01,3258,3082,#b29f86,#3e5549,#323732,#bcb3aa
1919-01-15,3351,3298,#9f8c7f,#81424b,#756f72,#393236
1919-05-01,3241,1208,#3a3534,#e2d7c1,#c27178,#c8a394
1919-06-15,775,359,#55504e,#a49656,#c6baa2,#8e8881
1919-07-01,2928,1053,#919088,#c68c5f,#5b6562,#cdc1a5
1919-08-01,4059,1619,#48565e,#9b7f53,#aba999,#c2c3b7
1919-10-01,4616,2133,#a25962,#cfc6bf,#59637b,#3a3331
1920-01-01,3581,2252,#8b8078,#4e4d48,#a4988a,#8c5c54
1920-06-01,3263,1760,#383331,#727473,#b1a798,#aa656a
1920-07-01,4364,1693,#a45546,#c18d64,#84867a,#c3b98d
1920-12-01,3726,1921,#b9b3a3,#838b83,#86584a,#b39570
1921-01-01,2857,741,#6f4a41,#bb544a,#ada293,#8e8377
1921-05-15,3873,2253,#a25453,#ded2c3,#b7a799,#403c47
1922-04-01,3667,2040,#563537,#b8aca3,#835e5b,#2a292b
1922-04-15,3171,1977,#bfb596,#323538,#888066,#a79d7c
1922-06-15,4255,2355,#b4a896,#c4b9a9,#6f6960,#95917f
1922-08-01,4189,1491,#bbaca2,#918a84,#ad978f,#86746f
1922-08-15,2353,1841,#6a604e,#7f766c,#998d7c,#bdaa92
1923-01-15,3735,1380,#8d7a75,#745559,#c5bbb6,#4c393c
1923-03-15,3445,1124,#be9d89,#635e54,#453e3a,#ddd1c5
1923-04-01,3658,1169,#9a7b7d,#af8e8e,#d5c9bd,#c0a49f
1923-06-15,3215,2582,#373b35,#dedbd1,#8d7d7d,#bcbbb7
1923-08-01,4432,1599,#e6e1d5,#a1777a,#4e4847,#d18c97
1923-08-15,4349,3373,#9d908e,#8c8280,#716766,#c0bbb1
1923-09-01,3753,2043,#d9d5c8,#383433,#b34c48,#bc8a69
1923-10-01,3721,2354,#999085,#7e736b,#584c48,#cbc0af
1924-01-01,3815,1383,#b8afa2,#866660,#604940,#99807a
1924-03-01,3943,1241,#57534e,#a1957f,#cfc6a3,#433332
1924-04-15,3481,1513,#393a36,#d0c5b7,#93968f,#62635b
1924-08-15,2054,1290,#979491,#3f403b,#736e76,#5b5c54
1924-11-01,3273,2257,#ad5565,#d0a293,#c0757b,#4f4752
1924-12-01,3239,2272,#d9c7b1,#806756,#ad8e83,#c3a69a
1925-01-01,3607,2165,#974d41,#d7cfb8,#aaa293,#8a7d70
1925-03-01,2354,1706,#afa59a,#3b3634,#776158,#948a82
1925-03-15,3091,2416,#7c706b,#c4b9b0,#ded2cc,#424844
1925-05-15,3783,2441,#e2d3c4,#4d3c40,#6e655c,#aca5ab
1925-07-01,3708,2223,#59514f,#e2dacc,#d0c6b6,#89817e
1925-08-15,3913,813,#4f4545,#9f8f93,#ababad,#826970
1925-10-15,3465,1439,#b27a47,#979499,#ccc3a5,#766153
1925-11-01,3447,1624,#272225,#5e4f61,#d05860,#e8d8c5
1925-12-01,3136,1457,#8c8d71,#473441,#d9b4a4,#744348
1925-12-15,1731,741,#d7c8af,#796653,#302421,#c4a98f
1926-04-01,3177,2437,#bdafa5,#c7bcb2,#7f6f6d,#a8988e
1926-09-15,4055,2495,#877672,#cbc3bc,#323231,#bbafa7
1926-10-11,3331,1070,#999085,#776661,#c2c0bf,#4e4848
1927-02-01,2074,876,#c0b5af,#a6a099,#e0dcd0,#6b7382
1927-03-01,2770,1954,#504b48,#ddd5c1,#7e776f,#302c2d
1927-03-15,3711,2301,#d0b9ab,#685a5e,#827298,#e4ddd3
1927-05-01,4180,2011,#b89962,#f8f8f6,#b9afa6,#705b46
1927-07-01,3159,769,#a0847b,#383229,#bfafa6,#909ba4
1927-08-01,2541,944,#b0a9a0,#3b3b50,#856658,#a28e87
1927-09-01,2745,1052,#64625a,#827b73,#533a3e,#b8b3a4
1928-01-01,1523,718,#c4bead,#2f333f,#4d4f61,#7a6d62
1928-01-15,3728,1941,#3f3536,#dcd6bf,#bcb69c,#bf535b
1928-03-01,4491,3057,#564f54,#d7d1b6,#847b70,#36353a
1928-03-15,3159,3141,#d39480,#e1dacb,#837a6b,#ca6762
1928-05-01,4582,1541,#ae968e,#dbd8cf,#4b4556,#a99963
1928-06-15,3715,1193,#4a463b,#a99e8d,#dbd4b9,#6f6b70
1928-08-15,1703,838,#979080,#84756b,#aaa9ad,#705552
1928-09-29,1951,1174,#c7b9b0,#989897,#807f7b,#555553
1928-11-10,4469,1158,#826f66,#ad9c90,#584e49,#cfc5b6
1928-12-22,4914,1464,#e4dcce,#c7c5bb,#ac8b74,#6c4a49
1929-01-19,954,183,#292728,#b43d64,#752b43,#e0d9cb
1929-02-02,2378,583,#e3dccf,#445663,#7d7c7c,#b0a691
1929-03-02,1517,357,#8d796b,#554c48,#2b2523,#15e9da
1929-04-27,4358,3228,#dcd2b2,#3b373f,#bbaf9a,#5e5d64
1929-05-11,4592,3405,#d9d2ca,#a68c6f,#785a4a,#b8b5c3
1929-06-22,4359,2792,#ccc1b6,#9c8b7e,#746b9b,#eae4d4
1929-08-03,3833,1177,#3d3a34,#c8c5b3,#ab9d82,#797264
1929-12-07,3707,2999,#8d837f,#d1ccc5,#384c73,#b1aea8
1929-12-21,4836,2792,#88a3b1,#e8e7d5,#d7d180,#89856e
1930-02-01,4577,2775,#8fa4bc,#858476,#55534a,#9b9788
1930-03-01,3970,2200,#797167,#c7bba9,#b0a08f,#e7ddd0
1930-03-29,4203,1952,#babcc1,#8d8c8a,#b0b0b4,#dcd6ce
1930-04-26,5186,2844,#2f3030,#a8ac7c,#ede4d6,#5f5b6a
1930-07-05,4504,3293,#d1bab3,#994340,#464752,#bda9a3
1930-09-29,4937,2367,#705f87,#b6a99f,#8e7f84,#6b4d56
1930-10-13,4930,1262,#79706b,#8c827e,#383132,#554745
1930-11-24,4656,3416,#664e55,#c7adb2,#b38494,#896773
1931-03-15,4718,1412,#cab1a6,#eae5d9,#bc7559,#42404b
1931-06-15,3812,2019,#c7c0b6,#4f3b3d,#ac8e7d,#6d5f58
1931-08-15,4958,1830,#aa5d50,#ece3da,#6c3e3e,#2f293e
1931-09-15,2078,1652,#d5d1b5,#7e6e6d,#5a5355,#a49088
1931-10-01,5027,3884,#5b5757,#2e2b2d,#bdada1,#78888b
1931-12-01,3679,2565,#78615d,#d2a59d,#445d5c,#654f4e
1931-12-15,3700,1801,#1b1819,#9f9995,#44413a,#655e60
1932-04-01,1313,503,#35312e,#4e463f,#aaa57d,#787e5d
1932-07-01,4260,3196,#3f2d2e,#7a7aa3,#4b4d96,#86534b
1932-07-15,2726,3117,#1e212d,#818498,#c7b0af,#564647
1932-12-15,4412,3647,#1d1b29,#ebebe3,#b3947e,#514b4a
1933-04-01,4698,3470,#5f5850,#d2b8ac,#be9883,#957b76
1933-05-01,3692,2329,#cfc8ba,#b6aca3,#a08780,#6a4b7d
1933-06-01,4760,2270,#daccb2,#3e3d41,#745a5c,#c4b29a
1933-06-15,656,937,#43414d,#dfd7ce,#b09689,#e32f1b
1933-08-15,3855,3486,#c77866,#402e2e,#76594e,#ddb7a4
1933-09-01,5064,3778,#8d8380,#57343d,#d5c0b7,#322027
1933-10-01,4569,3541,#3e2227,#cec4bc,#78696b,#968c84
1933-10-15,5130,1653,#a4a096,#39232a,#54363e,#6c6463
1933-12-01,3644,2470,#c3bb9b,#a2997c,#2c2b2b,#5d5241
1933-12-15,3958,2359,#d0b5b5,#a3766c,#3c2c3b,#e7ded1
1934-01-01,3222,3297,#d2c0a4,#63443a,#977158,#372829
1934-01-15,5233,3278,#d1c2b1,#978c84,#d4be71,#474142
1934-02-01,4443,3165,#b18d89,#2b2127,#c9c3c0,#8c5c5b
1934-03-01,5140,3636,#41373c,#8d7e76,#6b564f,#2c292c
1934-03-15,341,103,#fafaf8,#ba9a82,#756d66,#e92c75
1934-04-01,4747,3122,#b1a89c,#c65362,#453a3d,#d9c9b8
1934-04-15,3771,2689,#a09789,#32292f,#524b4c,#bdb9a9
1934-07-01,4201,1176,#84655d,#d1bba7,#bc8b76,#928f8f
1934-07-15,4555,3887,#998786,#27212c,#c5bab4,#413847
1934-10-01,4960,3489,#cbbd9a,#403232,#5f5b5c,#e3daca
1934-12-15,3978,2728,#302a2a,#c6b59f,#a29382,#7d7f95
1935-01-15,3409,3291,#332a32,#c6ac82,#9d8069,#745951
1935-02-01,4053,3010,#4d4141,#d3cfc5,#7f6762,#a89f96
1935-04-15,4102,3408,#b2ad9b,#512d2a,#8f8576,#d7cebb
1935-11-01,4567,3443,#a28669,#b1aa9b,#372d28,#d6d0bb
1935-12-15,4306,2856,#f6e9ce,#25342b,#968364,#caac80
1936-01-01,4432,3520,#e1dacb,#8e786c,#6d615c,#4b4645
1936-02-15,4976,2320,#a4a182,#7c8267,#303138,#b9bcac
1936-03-01,3651,3372,#c4ab84,#2f272d,#a08468,#806452
1936-04-01,3439,2561,#785b7f,#b1aaba,#5f3e68,#717692
1936-05-15,4187,3394,#d0c0b1,#c37e85,#b16c74,#352f31
1936-06-15,4772,3542,#9e6c60,#797c7d,#444144,#a99c95
1936-07-01,2230,973,#2f2623,#9e9487,#786a59,#c6c0b5
1936-07-15,131,2323,#855e4c,#bdaf97,#979d93,#4b3a34
1936-10-01,4181,2488,#b1acad,#44434d,#53725d,#2e2730
1936-11-01,4856,2760,#302c2c,#a2795e,#1b1a1a,#7c4b3e
1937-01-01,4292,3414,#c3b6a5,#654b3c,#332423,#ac9b89
1937-01-15,4471,2604,#7a6845,#c0b86e,#a39449,#918c71
1937-02-01,4111,7,#58bfce,#7a6e6c,#474042,#969090
1937-03-15,4279,2341,#a7957d,#68594c,#e1d8c6,#1e1d1f
1937-05-01,4478,2266,#4d523e,#9ca570,#b8be7e,#edcda7
1937-05-15,3401,2864,#beb897,#28292c,#747267,#9a957d
1937-06-01,2762,1586,#5a4839,#a29575,#352c28,#817055
1937-07-01,2506,3069,#a08e8c,#686e8a,#433c4b,#47527c
1937-07-15,3571,731,#b38373,#d1aa9e,#d7cdc5,#9ea7b5
1937-12-15,4884,2874,#c2cbca,#352b27,#80786a,#564a3f
1938-01-01,4268,1737,#c7b172,#4b6444,#2f2b2a,#914d40
1938-01-15,3751,2503,#b5ab9b,#654a41,#423532,#8a6957
1938-02-15,2953,1791,#ab8781,#494138,#7b5f5d,#272332
1938-05-15,4012,3559,#2f2726,#9e8d7b,#c6bdab,#75685e
1938-06-01,4874,987,#493e2b,#cba76d,#655d3d,#9a6e3a
1938-07-15,4303,2188,#7d6448,#948268,#716e69,#baa77a
1938-08-01,3425,3125,#221c22,#7c594d,#493332,#a38e7d
1938-10-15,629,254,#778569,#513e39,#a84343,#d5dbce
1938-12-15,713,524,#85846f,#56564b,#332724,#17c136
1939-01-15,4542,3236,#666565,#c3baa8,#a6947e,#4b484c
1939-02-15,3382,2386,#ad9076,#4f3231,#80634d,#311e1e
1939-04-01,2818,2429,#c5927b,#8b6356,#4c4542,#dca992
1939-04-15,3386,2741,#9d744b,#d7a975,#e8dcca,#ca4f2b
1939-05-15,3666,3271,#657172,#b58e85,#9f5849,#3c4546
1939-07-15,3863,3293,#484d5d,#f8e1ad,#f8f3e5,#bac7cf
1939-08-15,4885,3021,#864536,#454b5f,#241f22,#6b7081
1939-09-15,4360,1625,#b0a350,#905245,#c0859d,#2b2728
1939-10-01,4579,2572,#8d331d,#49261d,#131117,#466364
1939-11-01,2761,3147,#413832,#bc8e79,#9e958f,#8a6656
1939-12-15,3745,2500,#292a2c,#687583,#4b5667,#93959b
1940-01-15,4378,12,#87342e,#613cbf,#866952,#672f28
1940-02-01,44,3305,#958e7d,#cb451c,#cfccbe,#b7af9d
1940-02-15,4294,3379,#70603e,#aa8051,#40463b,#dcd6c5
1940-03-15,4682,3505,#e6e1d9,#485257,#a57039,#b8a998
1940-04-01,4552,3322,#dbd9d6,#2f3333,#4e5260,#6b6e76
1940-04-15,4697,1275,#a88b7b,#8e5e45,#5a4033,#c5b8a8
1940-05-01,4519,3367,#cdbfb2,#ad8a77,#80614e,#61403a
1940-05-15,3798,2386,#2d2928,#b09990,#504c4f,#926b50
1940-06-01,3337,2953,#1e1f21,#a79181,#947c67,#6f5b4b
1940-07-01,1681,1216,#322629,#6c6e87,#654445,#bda7a1
1940-08-15,4156,3228,#262927,#646e81,#9f917c,#4b5161
1940-09-01,4862,2702,#2e3030,#685b4e,#9d8a78,#1d1e20
1940-09-15,3615,1668,#9a663d,#2e2b24,#953c2a,#b59570
1940-11-15,4070,2477,#483427,#6b4d31,#a78d6b,#232222
1940-12-01,3459,2137,#895949,#aa857d,#202222,#605951
1941-01-01,4040,2448,#2d2c32,#666763,#989388,#403c40
1941-01-15,2669,2048,#a88e50,#979692,#2b2d2b,#635a4a
1941-02-15,4964,2770,#a3403f,#6b5752,#3b353b,#a58370
1941-03-01,3423,2465,#867964,#635d52,#48453d,#aea58e
1941-03-15,3546,1538,#272725,#534a36,#b8a986,#97866b
1941-04-01,3447,2573,#c1beb3,#d5d0c5,#8c7e70,#aaa198
1941-04-15,2938,2425,#848a8e,#b18d6b,#706155,#cbcac2
1941-05-01,4398,2759,#605750,#7b7571,#9c9996,#b7b5af
1941-05-15,3292,3105,#aca19e,#c99683,#94695f,#cabdb8
1941-06-01,3605,2143,#c19585,#cabcb4,#383633,#554f43
1941-06-15,3645,2865,#606074,#664e41,#302d2e,#777d90
1941-07-01,3887,1500,#beb7ac,#969497,#837765,#4b4c53
1941-08-01,4258,3180,#a89c8c,#383028,#6d533f,#80766c
1941-08-15,4483,2096,#3e3f55,#84745d,#554232,#a89883
1941-09-01,4584,3108,#473a35,#cbc6c1,#262527,#9d7e6d
1941-09-15,4698,1442,#2e2a30,#91877d,#b6ada0,#9d7c3d
1941-10-15,4790,2845,#54464b,#88696a,#ddd7ca,#252528
1941-11-01,4183,3604,#9c9083,#d1c9ba,#544f4c,#7e6e61
1941-12-15,3409,2431,#afab9c,#575147,#31312f,#8a7562
1942-01-01,4686,2562,#815038,#302e2e,#4b433b,#81796a
1942-02-15,2441,760,#7f464a,#d7c5bb,#473539,#ba5366
1942-03-15,3941,2343,#787063,#303131,#4e4a47,#c3beb6
1942-04-01,3870,2027,#884833,#aca198,#463932,#817869
1942-04-15,4074,2027,#4d484b,#a46969,#b2b1aa,#242729
1942-05-01,3013,2257,#a48b48,#9c917a,#5b523e,#b4ac93
1942-05-15,4092,3190,#2e2c2e,#c4afab,#84585a,#454044
1942-06-01,4575,1820,#81858a,#8b765b,#b3a994,#5f5448
1942-06-15,2300,1718,#755742,#b29e86,#202224,#4b3a30
1942-07-01,3352,3175,#3b3138,#a79484,#646882,#95423c
1942-08-01,4142,2094,#a9a6a6,#342c2d,#7e676a,#544f4f
1942-08-15,4136,2439,#524a44,#2a2a2e,#9a8d7f,#bfb5ae
1942-09-01,4561,2793,#cdc8bb,#242426,#a19b91,#7d7057
1942-09-15,3521,2620,#57473b,#7f674c,#9b8f6c,#5c6572
1942-10-01,3707,1583,#332f39,#c0c2b6,#6b4a3c,#9b826c
1942-10-15,4621,2948,#aeaaa3,#b29e51,#2c2829,#7a7575
1942-11-01,4521,3759,#322d34,#96383f,#414145,#9c7f6d
1942-12-15,4357,3497,#2e2f33,#7f7e7f,#b3afaa,#6e3e32
1943-01-01,4523,3467,#664f45,#2c302d,#cbb5ac,#946f60
1943-02-15,4481,2689,#493e31,#89856d,#655d4d,#2e2b27
1943-03-01,4978,1564,#514b49,#7f7871,#aa4d4d,#312e31
1943-03-15,3421,2960,#382d36,#8b6752,#ae866a,#b44249
1943-04-01,2835,2266,#b9a894,#3b3330,#968068,#c2ae61
1943-04-15,3944,2063,#894f37,#282828,#474541,#716f67
1943-05-01,3131,950,#a6968a,#453d39,#896c5a,#232729
1943-05-15,1313,2122,#393027,#644c35,#a47d58,#876446
1943-06-01,4537,1498,#2f2c28,#a09489,#524332,#826854
1943-06-15,2356,2602,#a57536,#272827,#a5a78e,#544b3e
1943-07-01,1468,861,#3e3835,#6e7173,#242529,#5f554e
1943-07-15,4409,1893,#66604d,#242424,#a19d82,#473f31
1943-08-01,4515,2001,#69706c,#a8a697,#2b2928,#825234
1943-08-15,4905,2736,#372e2f,#a09c95,#534545,#897770
1943-09-15,3836,2462,#332a27,#a98c73,#875f47,#4a382f
1944-01-01,4349,3230,#403632,#754e36,#232324,#b9b19a
1944-02-15,4383,1820,#523232,#c8bfa9,#914348,#776458
1944-03-01,3493,2345,#c5bfb5,#6e5d50,#a2373c,#39302e
1944-03-15,4046,3501,#c7c2b8,#afa695,#372722,#673e36
1944-04-15,4249,2306,#9e7567,#312b2b,#aba498,#674741
1944-05-15,2236,2378,#bfb698,#b09b7f,#37312c,#9a6f54
1944-08-15,3664,2199,#835c54,#242121,#9c8f8b,#ba7863
1944-09-01,4020,2251,#2e2e2d,#948f86,#c2b9ad,#6a6760
1944-09-15,4785,1279,#292a37,#b8b0a4,#92786a,#634b3b
1944-10-15,3787,2127,#453f32,#b09c68,#906b4e,#292a2a
1944-11-01,4184,2989,#52463e,#837264,#9e8e81,#b2a69a
1944-11-15,4813,3280,#d6cabf,#403831,#786652,#9e8b75
1944-12-01,4848,1559,#ac9890,#dbd1c6,#65524e,#3c3645
1945-01-01,2838,2781,#312724,#944e2c,#dacbb2,#947669
1945-02-15,4121,1759,#372f2c,#817c76,#483f3d,#944830
1945-03-01,4269,1510,#d1c0a4,#aaa386,#918666,#191917
1945-04-15,1782,849,#d0cdbf,#262828,#6c6156,#a8a59b
1945-07-01,3947,1635,#6c655d,#504843,#35302f,#ac9e8f
1945-08-01,4677,2335,#64594a,#34302a,#9d9487,#4a4136
1945-08-15,4800,1388,#242323,#b4a496,#a48559,#cbc4b2
1945-09-15,4630,1747,#312d29,#866d57,#a69d8b,#3e372f
1945-10-15,3527,1140,#747b83,#a4a09a,#262628,#38383e
1945-11-01,4005,1805,#614931,#a08259,#816441,#3a3127
1946-01-01,3815,1909,#201f20,#877f74,#aa9e93,#574e49
1946-02-15,4091,2338,#b7aa9d,#282223,#9d8777,#4c3832
1946-03-01,4904,2334,#cac0b9,#897772,#654f46,#a49c9c
1946-04-01,2358,2526,#212123,#b56547,#41362c,#855943
1946-05-01,1135,823,#39342e,#a79683,#7e745f,#615c49
1946-05-15,3921,951,#b9ae9e,#2f2b29,#8d8574,#685a53
1946-06-01,3686,3194,#74503f,#d6c0b3,#ad8466,#ecd7c9
1946-08-01,3917,111,#99978f,#6b6b67,#13161a,#333435
1946-08-15,2735,1032,#464538,#dad0b0,#6e664d,#9d885e
1946-09-01,3450,1745,#675a3e,#a28454,#16181b,#bda370
1946-09-15,2998,1734,#c0af9b,#937f65,#3d362f,#6b5a46
1946-10-01,4363,2158,#6d382b,#717675,#141722,#9e9e93
1946-10-15,4101,3069,#3a2c1e,#6d4a28,#d7a65b,#a1713d
1946-12-15,4606,1473,#b6aba4,#66333a,#877a73,#e2d7cd
1947-02-15,4522,2649,#3d352c,#aca98c,#484c40,#854a31
1947-03-01,4337,1948,#524f47,#cdc9ba,#9e9982,#2e2f2c
1947-03-15,4720,2590,#834634,#9d9880,#87836c,#573b30
1947-06-01,1186,135,#232426,#c3b194,#45d35c,#9b8e76
1947-06-15,1423,1878,#646664,#9b913f,#525242,#a28f76
1947-07-01,3307,3369,#6d7768,#393d35,#988a67,#595c4c
1947-08-01,3997,3281,#b93b29,#77392c,#3c3a30,#c0b684
1947-08-15,3843,2143,#592c28,#333536,#51514e,#817a71
1948-02-15,3834,1605,#494740,#32322e,#615c50,#8b816b
1948-03-15,3509,2481,#7f7769,#c5baaa,#514d46,#353431
1948-04-01,1478,1227,#3f3e32,#d0cab2,#6e6751,#90856b
1948-04-15,3843,1839,#938566,#706a4d,#c0b294,#a7987b
1948-05-01,2548,3018,#48593d,#596a49,#3c4a35,#7e855d
1948-08-01,4797,2876,#1f2126,#b0a394,#56493d,#bfb3a5
1948-08-15,4435,2222,#242529,#b5aa9b,#574038,#c7bdae
1948-09-01,4547,2134,#3d3f42,#8c8374,#6d5945,#282b2e
1948-09-15,4602,2790,#474441,#2e2c2d,#67645e,#8c867a
1948-10-01,4854,1996,#82334b,#a1a090,#2d2b2c,#e7ddd0
1948-10-15,4231,3228,#685d5b,#3c383c,#bf9f79,#a49d9a
1948-11-01,4323,3477,#544237,#8a583f,#b9ab8d,#272626
1948-11-15,4199,2117,#9f5f42,#d5c7bb,#ab886c,#38322d
1949-02-15,4532,1337,#b08c5f,#8a6c4b,#504538,#2b2a2b
1949-03-15,3007,2791,#202327,#8c6142,#3b3a3b,#ad9b84
1949-04-01,2896,1383,#a78b7b,#3f3f41,#766255,#c2a294
1949-05-15,4110,3306,#2c2f2e,#9a9a93,#61615f,#d8d4c9
1949-08-01,4668,3330,#3d2726,#bba9a2,#9b857c,#4a444b
1949-08-15,4377,2878,#8e7666,#2e2927,#625246,#a7907c
1949-09-01,2912,2988,#cbc0ad,#3e2429,#c2906f,#a45541
1949-10-01,3657,1710,#353835,#bbb5ac,#595949,#1a1c20
1949-10-15,4411,2769,#bdaa95,#1c1414,#3a2d2b,#d7c4ae
1949-11-15,3722,3680,#16161b,#74432f,#817971,#a6998b
1949-12-01,4879,2274,#d5bdb3,#aa3a3a,#c3676a,#362424
1950-03-01,17,1852,#c9bba6,#19171b,#5d5345,#08060b
1950-04-15,4839,1595,#776c60,#9b9084,#2c2e2e,#474540
1950-05-01,4520,3048,#847c7e,#71635a,#ac8565,#3f3832
1950-06-01,4641,1265,#b89778,#c2bfb2,#413b35,#aba59b
1950-07-01,4817,3553,#b8ab9d,#97775d,#b58f72,#36302c
1950-08-01,4278,3259,#bfbaae,#aa8b62,#484c66,#7c8b95
1950-08-15,4830,3202,#2d2c2f,#c6bfb0,#a08f7f,#9c614b
1950-09-01,4464,1548,#a49c8d,#7b6448,#5a4a39,#2a292b
1950-09-15,4970,3549,#9a5b4d,#bf8f79,#25211f,#58453c
1950-10-15,4510,3371,#363331,#b8ab99,#9f8668,#705743
1951-01-01,962,737,#453f47,#cfc8bd,#b19b83,#10141f
1951-02-15,4559,3438,#bbad93,#a38d72,#4d443d,#706458
1951-04-01,4772,37,#212226,#b9997a,#7e793c,#191b1f
1951-05-01,4136,3342,#ede0c7,#d2b69b,#b89d83,#947d67
1951-05-15,4887,3504,#ac835e,#dfd3ca,#81624d,#bea18c
1951-06-01,3972,3558,#c7a37d,#654f43,#af6c55,#d2c3b8
1951-07-01,4894,3718,#715331,#a27947,#dac8b0,#b6aa95
1951-08-01,4497,3597,#d7c6ae,#3a3937,#a28e79,#58544e
1951-08-15,4697,2888,#aa865f,#554b39,#cfc1a5,#715c43
1951-09-01,4611,2739,#a49079,#2c2c2e,#64605a,#474644
1951-09-15,4653,3098,#aba498,#5d5548,#8a7661,#443f37
1951-11-01,3759,3491,#9a866a,#b9a588,#5b4735,#d3c8b8
1951-11-15,4450,3679,#6a443e,#7a7e81,#905452,#616366
1951-12-01,4767,3539,#afaca5,#7d7e86,#60616c,#252833
1952-01-01,4453,1012,#9c6856,#cac0ad,#bc8d85,#dbd4c5
1952-02-15,5017,3634,#343131,#c6bcb1,#847f7a,#6a6663
1952-03-15,54,3502,#cec4b5,#b98969,#292c2f,#dbd3c4
1952-04-15,4724,3395,#705861,#b09387,#e0d2c9,#4e464b
1952-05-01,4687,3048,#c6bfb7,#33333c,#d3ccc1,#9b908c
1952-05-15,4799,3667,#b6a895,#936b5f,#2e3136,#c8c2b6
1952-07-01,4936,1960,#8a5253,#bbaca0,#333338,#d1cdc8
1952-08-01,4877,2829,#93867b,#34312d,#5b5b64,#4c3d33
1952-09-01,4725,3439,#868282,#686262,#b2aaa0,#343645
1952-09-15,4651,2728,#c5bfb6,#453636,#a38075,#6b4845
1952-10-01,4518,3676,#cac2b6,#3b4243,#8a847a,#a89d90
1952-11-01,4709,3269,#bcb3a5,#694b4a,#8f7a6d,#2c2b2d
1953-01-01,4732,3245,#bdb18a,#816a47,#c8c3b7,#2b2b2b
1953-03-15,4203,3703,#9c8a78,#bcbab0,#1d232e,#a3a6a3
1953-04-01,4346,3326,#bc905f,#654836,#cabea8,#bd301f
1953-04-15,4825,3340,#9a8677,#c4bcb0,#2d2c2d,#b3aa9e
1953-05-15,4930,1490,#bba386,#797871,#8c9397,#646460
1953-06-01,4576,3449,#a08e88,#333335,#504b4d,#b5b0aa
1953-07-01,3579,2100,#8c9185,#b29469,#40392d,#8a6e4d
1953-08-15,4510,2841,#8a6857,#312825,#7e3a2b,#45332c
1953-09-01,4628,3693,#e5dccc,#424945,#d55d40,#c1b39f
1953-09-15,3743,2376,#353a43,#dbd3ca,#bcae9d,#887061
1953-10-01,4131,4,#e4ded6,#67378c,#5a4c41,#b46758
1953-11-15,4549,3646,#584d46,#dfbcb2,#bb877e,#d2a299
1954-01-01,4372,3238,#ab8c6f,#696b70,#323131,#c4b9ac
1954-02-15,4902,3347,#b29387,#977a6d,#929290,#493731
1954-03-01,2280,1872,#b8987e,#8d5252,#c8b3a2,#535267
1954-03-15,4347,3717,#7f6651,#cdcbc1,#b6ae9e,#673e2d
1954-05-01,4880,2040,#60a2b6,#dac7ad,#55594e,#c6807c
1954-08-01,4435,33,#d7d0ca,#ece5df,#d13538,#6d4f8e
1954-08-15,4257,2456,#8d733e,#bcaf7e,#644c26,#a99559
1954-09-01,4938,3251,#b9adab,#576e9c,#3d466e,#667fac
1954-09-15,4728,3079,#db685f,#653d39,#eeddd6,#85917c
1954-10-01,4991,3250,#8a8275,#e66850,#dec1a4,#f2eae0
1954-10-15,4351,2438,#954c28,#d2b088,#ba784a,#131011
1954-11-15,3329,2936,#3f4045,#efdecb,#c8965c,#706f76
1955-01-01,4582,3282,#909088,#2d323b,#c1bdad,#5a616c
1955-02-15,4585,2823,#c5a993,#7a7d90,#3d1d17,#a2625f
1955-03-01,4501,3600,#696c7d,#544f4e,#e3d9c5,#a89987
1955-03-15,3777,3520,#716a69,#bfbbb3,#23252f,#9d9892
1955-04-01,2692,2522,#7f7f7b,#b89d7d,#b8b3a2,#2a2929
1955-04-15,4489,3189,#5f4734,#a1704b,#ba9473,#d0c0aa
1955-05-01,3726,3503,#a37040,#b9af99,#2f2d37,#414659
1955-05-15,4807,2962,#b19d85,#5a5851,#30302d,#ccc2b0
1955-06-01,4293,3558,#687168,#a2998a,#3f423c,#c1b9aa
1955-08-15,4534,1228,#a89684,#5f4139,#292627,#8d7461
1955-09-01,4652,1645,#baae99,#3f3e3d,#8a6e5b,#292a2d
1955-09-15,3656,3505,#8a594d,#c6a07f,#403731,#b48a5f
1955-10-01,4927,2360,#bbb2a7,#4c2c25,#7b5c43,#a3876e
1955-10-15,4622,2200,#c3bcb3,#5d4737,#b1aa9e,#2a2521
1955-11-01,4834,1492,#211510,#e7d7bf,#621b17,#a6705a
1955-11-15,4647,3725,#bd9981,#272526,#7b6056,#9f7d6c
1956-01-01,4634,3090,#c9b15f,#b7a18a,#3d3732,#d6d1c0
1956-02-01,2584,2926,#aaaf9a,#20232c,#a09b7f,#68392a
1956-02-15,50,1416,#977e62,#dbd2bd,#af9679,#796349
1956-03-01,2861,2562,#ba8467,#894336,#dcc4a9,#b8573c
1956-03-15,4599,3302,#9c6b5a,#b5a493,#302927,#c8c1b4
1956-04-01,3445,3768,#8f5f3c,#b89c88,#a4846a,#d5c8b5
1956-05-01,4629,3092,#2c2b2d,#9b8e7f,#82321b,#c9bfb3
1956-06-01,4222,3174,#c5aa92,#d0bfb0,#3c3432,#965444
1956-07-01,3790,3606,#b8aa9e,#4b4540,#a28b7b,#796a5f
1956-08-01,4214,3179,#c8bda6,#8e6c5a,#3f3e3c,#ac9e8b
1956-08-15,4907,2805,#a89275,#302d2a,#4e453b,#d1cbbb
1956-09-01,5013,2396,#9d7c5c,#bfa482,#8b3a2a,#ded5c0
1956-09-15,4533,3470,#21252c,#919b93,#4c4e4d,#757574
1956-10-01,5011,2571,#343a3d,#898479,#4f585f,#a6a59a
1956-10-15,4675,1031,#8a866d,#202422,#69624a,#474335
1956-11-15,4111,3319,#afaba0,#6b5347,#a5876a,#7c8486
1956-12-01,3101,2446,#b0a893,#58392d,#9e907d,#834f3b
1957-01-01,4047,3646,#9b7560,#d5c6a9,#535d73,#d3ad7f
1957-01-15,3527,3443,#913c36,#32241f,#68352c,#a16351
1957-02-01,4855,2471,#60626f,#aa948d,#343134,#d3cbc3
1957-02-15,4547,2652,#8a6d42,#ecd8b4,#c79662,#483a26
1957-03-01,4081,2702,#b09d8f,#5b6b82,#8f6957,#292e37
1957-03-15,3934,3439,#b12a3b,#514555,#d2bfa6,#b98069
1957-04-01,4810,2743,#9f906d,#b8bfbc,#7e735a,#524136
1957-05-01,4045,3631,#877354,#b5b5a4,#504738,#ac9475
1957-06-01,4473,3075,#a78359,#ddd3b4,#6b573d,#353129
1957-08-01,4496,3181,#92663f,#b49c79,#774c30,#a8835a
1957-08-15,4429,3688,#c8a77f,#e0d8c3,#384240,#a4523a
1957-09-01,4611,3574,#43535d,#cda984,#9a674a,#516d8a
1957-10-01,3941,2403,#282724,#737567,#989583,#4f453b
1957-11-01,4299,3639,#aa9578,#907c65,#52564f,#b9b7a8
1957-12-01,3403,1558,#3c4654,#917e64,#526370,#2b2f3a
1958-01-01,4865,2707,#ba9b7d,#ccbaa5,#7e4f3b,#956949
1958-01-15,4220,3634,#c1a285,#332a29,#b2b2a9,#734d3b
1958-02-15,4696,3069,#7a868a,#924e34,#24272c,#a2a5a0
1958-03-01,4906,1466,#b89c7b,#875e46,#372f2f,#cfc6b3
1958-04-01,4205,3259,#333031,#cec9be,#836255,#bba388
1958-04-15,4771,3438,#d7c18f,#544335,#b57767,#bf3634
1958-05-01,4477,32,#4f4335,#6c7163,#c6a682,#af896e
1958-06-01,4344,3657,#192028,#bba18a,#c4c0b5,#7f5550
1958-07-01,4638,3514,#c2b6a9,#b0816a,#90554a,#8a8784
1958-08-01,4228,3562,#c3bba3,#b79770,#d5a13b,#373128
1958-08-15,4592,2099,#292a2c,#5a4843,#c5c0b6,#7f7d7b
1958-09-01,4483,2172,#411f1e,#a2241f,#c3937b,#ecdacd
1958-10-15,3916,2433,#a77870,#31322d,#5a5443,#924c42
1958-11-01,4258,2779,#675e46,#cbc5b3,#9b8863,#3c382f
1958-11-15,3801,3340,#889394,#5e625c,#393936,#a9a89a
1959-01-01,4909,2240,#bfb2a2,#423a46,#a08a7b,#534d62
1959-02-01,4727,3002,#d3bf9b,#be6548,#574844,#829997
1959-04-01,4944,2986,#39453a,#345879,#d12817,#677d62
1959-05-01,4339,2355,#bba390,#78765b,#f0ca49,#dddbd1
1959-06-01,4171,3020,#567795,#c5bdae,#312f2c,#b69e85
1959-07-01,4854,2750,#d0ae86,#494530,#8a643e,#e1d8c2
1959-08-01,4685,3326,#a98071,#313231,#c5c2b9,#6e6160
1959-08-15,5130,3843,#2b2020,#b89f90,#9e645d,#d8cac0
1959-09-15,4881,2457,#55594b,#708b91,#dbdfd1,#af9d86
1959-10-15,4934,3166,#d6cab5,#8e5755,#ae9779,#312f29
1959-11-01,4572,3759,#27221f,#702e2b,#836653,#c8bba2
1959-12-01,4871,2689,#423328,#d3b899,#b7926c,#714f37
1960-01-15,4637,2802,#b49a83,#8a7656,#654931,#1f231c
1960-03-01,3514,2535,#918576,#555c5a,#3d3735,#824e4a
1960-03-15,4301,2123,#a67e3c,#999075,#35332d,#7f5935
1960-04-15,5013,2372,#c0b4a9,#5b4f44,#8b7462,#292524
1960-05-01,4188,2481,#3e3329,#987455,#bfa880,#ad8c65
1960-07-01,4078,3506,#a0aaad,#94887d,#454243,#b4a28f
1960-08-01,4280,3501,#957c66,#803e32,#352d2a,#bea787
1960-09-01,4591,2998,#ccc8be,#3a3332,#ad9c8c,#67554b
1960-09-15,5022,3366,#b6b7bd,#8b473d,#332c2f,#665e60
1960-10-15,4496,3305,#5f5140,#2f2c28,#7a6b55,#aeaa9e
1960-11-01,4405,3667,#7e705a,#988871,#282f2a,#384a3e
1960-11-15,4831,3340,#bfa792,#4c443b,#7d6852,#d4d8d6
1960-12-01,4795,2782,#9b8471,#2a2723,#876152,#52443a
1961-01-15,4903,2028,#c1b3aa,#7e756a,#483e3f,#964943
1961-02-01,4465,3143,#3a3632,#817b70,#959085,#675145
1961-02-15,4743,3717,#b6b6b6,#6d6361,#b39f9c,#383739
1961-03-15,4814,3255,#988980,#f2f0f0,#686764,#3e4144
1961-04-01,4844,2974,#a88060,#3f3228,#704f38,#946c4e
1961-04-15,4423,2058,#b4aca6,#29221e,#594742,#9c836b
1961-06-01,4646,3483,#252521,#ad9489,#646551,#d0cfc9
1961-07-01,4920,3509,#937752,#bdb393,#f2f5f8,#566e96
1961-08-01,4857,2093,#8a999d,#ae9b84,#583e3a,#a3adb0
1961-09-15,4274,3695,#5b3d35,#9a897a,#2e302c,#c3ccce
1961-10-15,4809,3300,#ae9e8f,#38302d,#817060,#8a4937
1961-11-01,3918,2156,#3d3a35,#635850,#b8a289,#22211c
1961-11-15,4163,3503,#5e3b33,#d4c8b9,#a88a77,#272121
1961-12-01,4907,3342,#656753,#4b493b,#847f6d,#2f2f27
1962-01-01,4470,2258,#403d3b,#b5b5af,#616666,#8a5c47
1962-01-15,4379,2903,#8e7059,#b08467,#3b332f,#b7a58e
1962-03-01,4879,3587,#d6d3d0,#5d6067,#383130,#b39091
1962-03-15,3300,993,#998e87,#35363e,#485374,#202326
1962-04-01,4636,3418,#a48b6d,#312d2a,#614437,#87674b
1962-04-15,3207,2720,#dfd8cb,#cbb5a8,#806f6f,#ad9182
1962-07-01,4976,3525,#a8805b,#d5a2a2,#e7e5dc,#584328
1962-08-01,4663,3575,#846c58,#b4b1a9,#212326,#4f594b
1962-08-15,4738,3563,#a1755f,#c1bcac,#bba086,#8c5040
1962-10-01,4948,3288,#725658,#b5a16f,#41342f,#9b7f5b
1962-10-15,4676,3507,#544c43,#bab6a6,#786b59,#998972
1962-11-15,4354,3430,#d9d5cb,#79655a,#1f1b24,#ad9e8e
1962-12-01,4778,3361,#706b72,#f0ece5,#b9b4ae,#3b4146
1963-01-15,3874,3673,#a48b76,#8f3f29,#422f25,#b5afa8
1963-02-01,4771,3499,#775635,#b18c76,#c7c3bd,#282522
1963-02-15,4539,3396,#b4a794,#584a3b,#a08f73,#d5d0c6
1963-03-01,4357,3573,#858788,#a7a6a6,#463f3b,#131314
1963-03-15,5018,3683,#9e8b7a,#b5a795,#372c29,#d9d3cf
1963-04-01,3304,2853,#d7cdbf,#24211a,#867054,#5b4b37
1963-04-15,4654,3548,#d2cac1,#4a4645,#867772,#1c1f24
1963-05-01,4604,2794,#afa9a3,#b3986e,#1f1c1b,#987a55
1963-07-01,4251,2331,#4b3e32,#c8c5be,#726560,#22232a
1963-08-01,4900,3232,#a09288,#715e52,#c1c0bb,#707d8c
1963-08-15,15,3112,#9f998f,#669cf1,#60727c,#bcb7af
1963-09-01,4914,3741,#1e2029,#d7d2cd,#53515e,#a8a4a4
1963-09-15,4700,3470,#806a5a,#a19689,#5a7c91,#bfb9ac
1963-10-01,4408,3616,#9d3f3b,#cdbdb2,#72625d,#4a4343
1963-10-15,4736,3714,#d1d0c7,#9c6f55,#c0926b,#2e2f3e
1963-11-01,10,3006,#a57c73,#20aa56,#c6a498,#654944
1963-12-01,4785,3565,#c2a484,#705340,#997a5c,#d9d4c9
1964-01-01,4683,2945,#755a3d,#c9c6bb,#465479,#2c3039
1964-02-15,4201,3678,#867f5c,#dedad7,#689fb7,#d6ab7b
1964-03-15,4497,2777,#a9937e,#856e57,#231d1a,#46392d
1964-04-01,4670,3526,#434847,#e3dfd5,#b86357,#d4a68a
1964-04-15,3792,3256,#ba9471,#a27259,#472f22,#d5cec4
1964-06-01,4367,3636,#9b9c98,#b6936e,#c2bfb8,#564433
1964-07-01,4938,2643,#b59878,#82704f,#4a648a,#383434
1964-08-01,4870,3723,#a89361,#f3f2ec,#beb892,#413a2b
1964-08-15,4829,3785,#cabead,#994729,#46382d,#a98870
1964-09-01,3060,2711,#dbd6c8,#352d28,#9c7f72,#bca496
1964-09-15,4521,3449,#ac8667,#86674f,#c4a080,#d3c8b7
1964-10-01,4313,3657,#b8403c,#8e7360,#4a3c33,#c2b6af
1964-11-01,3643,3578,#c59165,#a8734b,#36372a,#725037
1964-11-15,3859,3559,#977763,#abaaa3,#49413b,#849491
1965-01-01,4269,3572,#bfbbb2,#4f603d,#8a684f,#383e2c
1965-01-15,4628,3674,#bf9b80,#eef0eb,#974d48,#7b6f56
1965-02-15,3562,3382,#c4a489,#966b50,#d9cdc0,#704f3f
1965-03-15,4786,3685,#6e4938,#2a4b74,#362f27,#986957
1965-04-01,3142,2027,#b37f66,#633f33,#8f5642,#382522
1965-04-15,4579,3619,#d9dbdc,#926b5a,#d3a896,#684b45
1965-05-01,4589,3720,#bdb9b3,#554333,#8c5738,#365f7b
1965-07-01,4596,2690,#5b5138,#a78c6d,#bcb7a8,#86694b
1965-08-01,4652,3210,#95795c,#45717a,#312a32,#c4c1b9
1965-08-15,4700,3288,#7b5b42,#a4937b,#c4bba9,#947552
1965-09-01,4586,3624,#362e28,#a19e93,#ae7758,#c4b8a7
1965-09-15,4492,3667,#384e6d,#bab5a8,#9c7f66,#34312e
1965-10-01,4550,2598,#795648,#cbc3ba,#986861,#ae836d
1965-10-15,4558,3235,#586d6d,#3d362c,#c1b7a7,#a58564
1965-11-01,4508,3751,#c2bbaa,#805844,#372d27,#a97a70
1966-01-01,4180,3031,#76694b,#c8c4b4,#332e27,#a28663
1966-01-15,4562,3174,#292420,#727c7a,#956c4c,#b2aba9
1966-02-01,4338,3645,#58535d,#af9c88,#ae604d,#2c2930
1966-03-01,4591,3611,#d9d6cb,#98694a,#7f8a94,#2a241d
1966-03-15,4736,3252,#bfbaad,#664f41,#927545,#312b25
1966-04-01,4723,3639,#8b8c68,#436e93,#313125,#bebdb0
1966-06-01,4779,3169,#8f7051,#d2cac0,#5c4b36,#c14a1f
1966-07-01,4600,3387,#2a2214,#734c47,#d9ccaa,#b5805a
1966-08-01,4356,2577,#753d30,#7f6846,#968573,#b1aca2
1966-08-15,4623,3578,#c8beb1,#765332,#aa7342,#27221c
1966-09-01,4516,2695,#59432e,#c6bdac,#312922,#895d47
1966-09-15,4599,3044,#93765d,#694832,#28231e,#b8b4a5
1966-10-01,3962,2851,#332d27,#774d39,#956f53,#af8669
1966-10-15,4707,3561,#bab1a7,#382d20,#8a6847,#a7966b
1966-11-01,4423,3651,#997d69,#353d52,#bcb8aa,#312b28
1966-11-15,4792,3187,#a78464,#634332,#2a2620,#c4beb5
1966-12-01,4651,2612,#6c5739,#c8bea9,#8c7349,#333027
1967-01-01,4837,2579,#9c6f4b,#b9966d,#382821,#64493d
1967-01-15,4599,3358,#393e2b,#c8c3ae,#457887,#686c2d
1967-02-01,40,2822,#ae8049,#768176,#3293b3,#47483d
1967-03-15,4218,3435,#ab856c,#966149,#44362d,#c9c2b8
1967-04-01,4848,2707,#b38a60,#539595,#95643a,#493723
1967-05-01,4563,2707,#ac854b,#c32823,#513c22,#8a602d
1967-06-01,4766,3345,#ae9a88,#9a6c5e,#3d3c2d,#5e6445
1967-07-01,4620,3537,#9a726a,#b9b69f,#415032,#4e6f51
1967-08-01,4452,3183,#d5c0af,#b89d84,#938b55,#62563e
1967-09-01,3543,2634,#c8b995,#755d37,#898166,#473e27
1967-10-01,4536,3561,#7d6249,#c9cdcc,#b19b89,#4e726a
1967-10-15,4280,3481,#292724,#6d574a,#bbb2a4,#b07d68
1967-11-01,4509,3102,#588bb3,#e6e8e3,#df4824,#654f3c
1967-11-15,4484,3104,#4a3f2f,#dee2e4,#7f6e4b,#aca17d
1968-01-01,40,2727,#1f100f,#b75129,#d7ccbe,#953a16
1968-01-15,4342,3392,#474034,#968050,#c8c7ba,#ebece9
1968-02-01,4385,2750,#7b5243,#9f856c,#29251f,#bdb8ab
1968-02-15,4736,3278,#a38a76,#625244,#a16f56,#332e25
1968-03-01,3606,2608,#a8a194,#57462b,#c4bcad,#85643f
1968-03-15,4577,2576,#3b322c,#c8bcab,#82563e,#a88163
1968-04-01,4323,3427,#5a553e,#b8b099,#895f44,#333124
1968-04-15,4348,3503,#312a21,#a8908b,#c7c0b4,#70634b
1968-05-01,4697,3544,#e3decd,#a77959,#5594be,#40372d
1968-06-01,4784,3704,#302f2a,#53573f,#955c3f,#bfbbb0
1968-07-01,4526,3593,#91633b,#332f25,#9b816a,#5f4c35
1968-08-01,4760,2468,#374863,#c2bba8,#312a22,#5f4e33
1968-09-01,4534,3210,#918367,#24346a,#353225,#6e6043
1968-10-01,4683,3328,#9b7655,#264f7d,#2e2b23,#695035
1968-11-15,4314,3445,#3d372e,#3e4d75,#9a846f,#bab7b0
1968-12-01,4487,3545,#bbb49e,#2d2d28,#995e3b,#63543f
1969-01-01,4560,3548,#53576a,#bfb398,#312c26,#ae421f
1969-02-01,4637,3269,#b6ae93,#614e39,#9f805d,#2c2824
1969-02-15,4576,3565,#594530,#c3bda7,#24232d,#886446
1969-03-01,4183,3171,#a38371,#7d6a55,#2b271f,#554933
1969-03-15,4385,3542,#ea370b,#e6dbc8,#544e41,#d89880
1969-04-01,4731,3331,#674d39,#afaaa6,#2a2523,#996459
1969-04-15,188,2781,#8b7c51,#6f5f36,#b5aa8d,#272519
1969-05-01,4535,2746,#76553e,#c0b7a9,#276495,#a67d69
1969-06-01,4221,3429,#778443,#865237,#4c433d,#afada9
1969-07-01,4374,3618,#7b5538,#606e7c,#91704d,#3c383e
1969-08-01,4767,3616,#cbc2af,#373226,#745c3a,#a78f61
1969-08-15,4610,2666,#3b3037,#625138,#957e64,#7b674b
1969-09-01,4526,3505,#213977,#9a7c6e,#323023,#bab6a9
1969-09-15,4823,3340,#a48163,#3f4e71,#666a38,#c9c1ae
1969-10-01,4586,3466,#b1ada6,#544229,#316eaf,#9a754c
1969-10-15,4446,3461,#816046,#c6c3ba,#3f362c,#a04494
1969-11-01,4575,2077,#95775b,#266460,#212221,#b2aea6
1969-12-01,4421,3476,#b53127,#b5ad9f,#332b26,#6c4c38
1970-01-01,4804,2916,#746574,#b6b1ac,#322a23,#a46654
1970-01-15,4783,3581,#574136,#a1542d,#967a65,#2b2621
1970-02-01,4227,3462,#639498,#b79373,#585a43,#d1d1ce
1970-02-15,47,2864,#887147,#4a5056,#d3d3cd,#b29a6f
1970-03-15,4408,3280,#2080b9,#d8d6d1,#5f543e,#cb9a85
1970-04-01,4653,2598,#eaaca5,#de7d84,#f4dddd,#ac6e61
1970-05-01,4682,2593,#a3856e,#584737,#b6ad9f,#342f28
1970-06-01,4700,3189,#8e4d33,#afa497,#5d4736,#312d27
1970-07-01,4527,3522,#a76157,#373126,#b9b4b0,#6b543f
1970-08-01,4683,2577,#43383f,#7b5943,#c5bcb6,#b09174
1970-08-15,4565,2763,#8a4f3b,#bcb2ae,#332b27,#a67970
1970-09-01,4737,3426,#a0685c,#70564b,#b39587,#c9c2be
1970-09-15,4639,3560,#253b7d,#978175,#614f43,#b5b2b0
1970-10-15,16,3309,#b29092,#6c4241,#c2b9ad,#9f7378
1970-11-01,4696,3511,#a59070,#2d2a35,#b7b4ae,#604e38
1971-01-01,4568,3257,#5e4b3c,#817f8f,#955f42,#342e28
1971-01-15,4759,3450,#60667c,#b0c2cb,#ddb290,#f7f6f7
1971-02-01,4179,2931,#8c5e3d,#c1bcb6,#5c4229,#2f271e
1971-02-15,4409,2256,#8b5447,#c1bbb5,#4c3c35,#2a2726
1971-03-01,4467,3459,#c59f7b,#d6d2c9,#444432,#e90c3a
1971-03-15,4470,3305,#485837,#c1977f,#d9d2ce,#937352
1971-04-01,3882,2414,#b4b1ac,#392d29,#968170,#83504a
1971-04-15,4567,3513,#272421,#c6c4c3,#7b5c49,#a48775
1971-05-01,18,3470,#825440,#a6a199,#542f24,#6e3f31
1971-06-01,4684,3301,#a97c73,#b8b4b1,#375979,#7b6549
1971-07-01,4671,3213,#644e3d,#a7a39d,#263062,#342e29
1971-08-01,4126,2684,#6a4a3a,#3a2f2b,#997155,#d5cfc8
1971-08-15,4673,3451,#7a5b4d,#365a9c,#a28675,#2b2829
1971-09-01,4560,3570,#322925,#7d8fa1,#223981,#6d4837
1971-09-15,74,2744,#2a2b2c,#bdbbbb,#474038,#736865
1971-10-01,4571,3540,#ae7873,#625956,#e57677,#f5f3eb
1971-10-15,4560,3486,#342d29,#9e9093,#5f597c,#574646
1971-11-15,4627,3152,#696948,#3d3529,#a38663,#6c788d
1972-01-01,4501,2596,#504237,#d1d1c3,#3a80a4,#f81c1d
1972-01-15,4759,3618,#e74d6a,#4d5a4b,#e6ad8a,#a36867
1972-02-01,4183,3244,#272018,#4d3329,#6b4a43,#be2d4c
1972-02-15,4610,3216,#f85818,#535442,#d3c0af,#a17b56
1972-03-01,4292,3127,#756449,#cdae98,#ab806b,#8d8788
1972-03-15,4678,2753,#068ad2,#b27a5b,#765646,#e7d6b5
1972-04-15,4403,3355,#9b8480,#c4bdb7,#8f684a,#3c3230
1972-05-01,4523,3267,#26b1c6,#e4dfd8,#906a53,#daac8b
1972-06-01,132,2714,#a53427,#dbcdb1,#913022,#b63b2f
1972-07-01,4240,2736,#e2ac9c,#e6e2dd,#5a4f44,#adc1c5
1972-08-01,4710,2758,#896546,#c2b8af,#675a77,#352b2b
1972-08-15,4856,2852,#af957d,#7a6c5f,#af1372,#d2ccc1
1972-09-01,4624,2583,#b6b5af,#614f40,#2f2e2a,#9d6156
1972-09-15,4803,3418,#321f14,#cfc8af,#945047,#c98f83
1972-10-01,4593,2729,#e9e836,#6e4c40,#3b2e2a,#a29a90
1972-10-15,4703,3442,#886148,#a58364,#42382b,#506737
1972-11-01,4149,3016,#27508e,#a57a53,#805a3e,#4e3b2f
1972-11-15,4450,3278,#302b2c,#634d46,#4e6484,#afa6a1
1972-12-01,4638,2544,#9f7f6b,#684339,#8a5743,#262427
1973-01-01,4520,3568,#423632,#cdc7be,#4b8e40,#ab866e
1973-02-01,4753,3288,#3b2d23,#c9c4bf,#b07d62,#c57d8f
1973-03-01,145,2780,#323346,#741ac9,#9b978d,#b2b0a4
1973-04-01,4748,3178,#9f7653,#d0c9bb,#4a4136,#efee3a
1973-05-01,107,2544,#a7875d,#d9d5c3,#1346f3,#c3c098
1973-06-01,8,3142,#b0b2b0,#99775f,#6e7578,#aa886d
1973-07-01,4706,2804,#743d3e,#3c2e2a,#d44692,#b17462
1973-08-01,4773,2601,#5f4738,#d3d1cb,#896950,#a3896d
1973-09-01,4470,3353,#f97379,#d2c6b1,#3c302b,#b79677
1973-10-01,4700,3294,#b49486,#4b2421,#cf2f5a,#d6c4bc
1973-11-01,4520,3274,#d6d644,#42342e,#b6b0a2,#957254
1973-12-01,4467,3248,#894f3c,#cd8168,#3f2e21,#e6210a
1974-01-01,4479,3456,#3f2a1e,#845234,#c9b086,#887d70
1974-02-01,4320,2543,#765842,#423730,#a07958,#b79470
1974-03-01,4522,3487,#bb886a,#bfb0a0,#473225,#955a42
1974-04-01,4715,3264,#553e33,#b58566,#9fa19d,#e0d73a
1974-05-01,4600,3094,#b27854,#e96513,#473227,#7c4f38
1974-06-01,4717,3336,#a4956a,#443730,#425a88,#7f6245
1974-07-01,163,2753,#a78f75,#cf084b,#cac0ac,#bfb49d
1974-09-01,4589,3304,#ba9273,#e5ded4,#a56344,#432920
1974-10-01,4455,3495,#4f362b,#d6cdc0,#bc7e7b,#83584d
1974-11-01,4455,3531,#e1cf33,#2b292a,#825c4a,#d5d0c3
1974-12-01,4262,2724,#83513c,#9b785c,#b4a793,#2d2522
1975-01-01,4388,3455,#4a3226,#a28064,#cfc6b7,#7d543e
1975-03-01,100,2872,#b6baab,#475e42,#637d59,#cfd2ca
1975-04-01,4583,3415,#4b3a2f,#bd856d,#946e55,#cecac0
1975-05-01,4812,3468,#7c5942,#45638e,#d0d0ce,#41342b
1975-06-01,4694,3366,#623e2f,#262123,#67895d,#8f563d
1975-07-01,4603,3430,#edeeed,#f75d82,#a48778,#825e4b
1975-08-01,4636,3694,#997f5e,#d5ca3f,#5b4d37,#232322
1975-09-01,4475,3398,#db6f3f,#ab9479,#907154,#574436
1975-10-01,4655,3533,#ad826f,#895b47,#c5c1b9,#4f3b2e
1975-11-01,4826,3337,#d9d8d8,#966e56,#70513e,#ae9081
1975-12-01,4609,2544,#cc5280,#91543f,#2e2624,#a07d6c
1976-02-01,4694,3631,#7b4d3c,#cbbeb2,#f2e44e,#48291c
1976-03-01,4410,3519,#533e29,#c28a77,#906646,#e0dcd5
1976-04-01,4541,3436,#dfd22f,#f52d72,#55352e,#c09685
1976-06-01,4663,3543,#61866f,#b5705a,#d8b9c3,#dfd452
1976-07-01,4634,3475,#ba845e,#8a5d3a,#c6bfa6,#573d2a
1976-09-01,4487,3348,#c0b1ad,#ec3658,#543327,#8c5c45
1976-10-01,3752,2453,#e2dace,#7d553c,#a77553,#342e26
1976-11-01,4531,3247,#dfd322,#5d422a,#4cb944,#a46b49
1976-12-01,4788,3585,#1373d0,#ad7249,#dfd5c0,#c59862
1977-01-01,3954,2960,#e9d2c9,#63524a,#d68275,#fc7006
1977-02-01,3801,3078,#c28b67,#402a17,#935d40,#f3e8d5
1977-03-01,4070,2238,#c37151,#8d4a38,#d38d81,#fc187d
1977-04-01,3804,2795,#d4ad87,#a87959,#65544b,#f6f4e9
1977-05-01,3846,3072,#f77b39,#513d32,#dbd4cd,#c1846b
1977-06-01,3726,3096,#362b24,#c49972,#625c38,#e8e5d5
1977-07-01,3959,3205,#8a5b3d,#ccc5be,#4c372d,#e82b79
1977-08-01,4212,3064,#eae9e5,#734730,#211614,#aa785a
1977-10-01,4220,3049,#f96282,#dbd5c5,#866543,#b7865c
1977-11-01,4161,3018,#8b6c49,#e4dccd,#fa6a4c,#37332d
1978-01-01,4036,3102,#fc68b7,#bb8769,#f7f6f6,#dfb4a3
1978-02-01,4034,43,#f8f0e9,#c17862,#dd9380,#815e3b
1978-03-01,3133,2063,#ae7f62,#13c40d,#daad7c,#e5c9a6
1978-07-01,3879,2932,#a37a62,#6c5444,#352d27,#c8c7bf
1978-08-01,4114,3034,#53504e,#cc9c93,#e7e5e5,#c75c53
1978-09-01,3481,3007,#a06455,#3b355d,#d38a6c,#f246a3
1978-10-01,3493,2978,#8f393a,#3b1118,#f825b2,#c98c63
1978-11-01,3949,3127,#d38f53,#d25525,#fded40,#7f5133
1978-12-01,3755,3125,#5a3b2f,#a35436,#b3aca1,#c78865
1979-02-01,3560,3011,#403537,#ef358b,#9d5e50,#c88e77
1979-03-01,4140,3187,#9b6f52,#473730,#c9977b,#e7e3db
1979-04-01,3848,2895,#e6e2e2,#875345,#422b21,#bc977f
1979-05-01,4037,3111,#ded5d0,#a06e52,#ce5224,#5a4330
1979-06-01,4056,3223,#ded6c5,#975c36,#654226,#b85f59
1979-07-01,3796,2980,#d3d3d6,#9d7a6a,#504955,#e46a97
1979-08-01,45,3027,#a58566,#f3e555,#624f48,#935d5e
1979-09-01,3413,3119,#9c7454,#ebe7dc,#d79a7b,#454e54
1979-10-01,3919,2849,#a0693a,#e6d1b3,#4b3624,#fa5ba3
1979-11-01,3829,2969,#84756a,#c4978d,#3e4b4b,#e7beb4
1979-12-01,4157,3002,#df9777,#a47659,#625248,#efebe4
1980-01-01,3749,3029,#daccc1,#644445,#c6685e,#995c52
1980-02-01,3809,2972,#f3be9b,#5da3c8,#695c5e,#c67e78
1980-04-01,3455,3067,#d6af8b,#b9835c,#2c2623,#f86335
1980-05-01,100,2178,#d0b863,#4e3dd2,#aa9088,#9a7e70
1980-06-01,4091,3100,#8e7156,#e8a781,#be8b68,#e9e8e1
1980-07-01,3892,2887,#ead3cc,#725654,#7ecb04,#c86975
1980-08-01,3659,3006,#caa683,#674e44,#dbd5c7,#a07662
1980-09-01,3730,2988,#fb29b6,#9e6c56,#574643,#df6c67
1980-10-01,3812,3080,#eaaa99,#3d6d91,#ac7761,#e7e7e3
1980-12-01,3518,3110,#865b63,#f63360,#eaaaa4,#4c4249
1981-01-01,3568,2736,#d5b289,#e9edf0,#998273,#5e5a55
1981-02-01,4025,3019,#d6ccbf,#7d473e,#b47662,#bc323e
1981-03-01,3826,3024,#e1cf35,#272530,#bf9183,#7d594b
1981-04-01,3687,2839,#f5f2e9,#564a43,#dda498,#a47666
1981-05-01,3601,3020,#bd9178,#181316,#914d36,#e1dbd4
1981-06-01,3930,2973,#e3e1d8,#c19d89,#967769,#292528
1981-07-01,3564,3110,#2a1d11,#bc8f7c,#986248,#dad7d2
1981-09-01,3966,2736,#856752,#ca9d79,#3f3d38,#e4e6dc
1981-10-01,3721,3054,#3d2b26,#b1816f,#f6edb4,#776157
1981-11-01,3518,3084,#2c2622,#53473b,#8e6653,#c1857a
1981-12-01,3704,2947,#8b614a,#d0ccbe,#593b2b,#1d1613
1982-01-01,3735,3064,#f0f0ea,#a96c67,#554140,#d29194
1982-03-01,3939,2965,#a8756d,#62595a,#de9ba0,#e6c2cf
1982-04-01,3571,2862,#e3ca37,#201711,#e1e2d9,#81552f
1982-05-01,3736,6,#1c1a18,#4a4035,#756f65,#c3c3bc
1982-06-01,3680,2997,#b36947,#ebece6,#dea479,#6a4b3b
1982-08-01,3693,2951,#ba8a6c,#281e19,#d8bfaf,#834f37
1982-10-01,2886,2339,#f8633f,#181213,#5d473d,#dedbcd
1982-11-01,3510,3075,#c5a2b4,#604638,#93594a,#332825
1983-01-01,3717,2880,#472d30,#c38060,#9c4b3f,#f24290
1983-02-01,4058,2818,#7a5550,#b25a4b,#e4ddd2,#3c2f35
1983-03-01,3821,2988,#453435,#f64933,#b88176,#82564e
1983-04-01,3710,3056,#ddcb29,#232020,#b28975,#725848
1983-05-01,3932,3115,#c69091,#d6d2ce,#ab6b68,#7f4d4c
1983-06-01,4093,2982,#1da6cd,#40343f,#bab6bd,#8c6566
1983-07-01,3920,2982,#cb9c5f,#a26b55,#6ed065,#543f40
1983-08-01,3582,3120,#d32749,#d2d0c7,#8a6866,#c89b8c
1983-09-01,3788,3083,#c99284,#8d635a,#ebe413,#dbcdc6
1983-10-01,3753,2871,#3a373d,#ae9083,#766562,#cccac4
1983-11-01,3418,2889,#c99375,#443635,#ad5b47,#dcd5cb
1983-12-01,3958,126,#655656,#ab3d42,#313a58,#d2d0ca
1984-01-01,4064,2726,#d4bdaa,#946f54,#372b2b,#e3d525
1984-02-01,3703,2866,#d8d3cd,#9e5152,#40353e,#f32d42
1984-03-01,3250,2924,#d3a27a,#a7535a,#7d8287,#ea489b
1984-04-01,3388,2962,#7b544f,#be7363,#dbcebf,#f23149
1984-05-01,3221,3009,#855652,#362933,#d2c7c5,#f61484
1984-06-01,4131,2915,#6d5e58,#c68781,#a26659,#322f35
1984-07-01,3550,2812,#3b3035,#dbdad7,#80635a,#d2a287
1984-08-01,3949,2963,#282631,#ac5b4a,#d8c9ce,#d57c7c
1984-09-01,3832,68,#9b3744,#ebe36b,#745f5a,#fb2a45
1984-11-01,3622,2766,#c49b8c,#ddd8d0,#32323b,#725451
1984-12-01,3649,2879,#78727d,#54484f,#b76051,#d3ccc4
1985-01-01,3682,3006,#cd8972,#b53649,#d0aeb5,#723a45
1985-02-01,3788,2991,#bb786d,#765555,#d9c9c7,#cb9197
1985-03-01,3337,2925,#ce9785,#8ca3b9,#41373f,#dbd2c7
1985-05-01,3747,3015,#d9d7d1,#343036,#ca8f74,#b8afab
1985-06-01,3807,3029,#d4a88f,#dfd9d2,#54373a,#ae4046
1985-07-01,3885,45,#d1acb5,#776201,#ae666f,#3a3237
1985-09-01,3623,2968,#80564e,#b4836e,#312f32,#d7cfbf
1985-10-01,35,2962,#302d34,#d7b893,#9f8c7c,#964148
1985-11-01,4118,3025,#dcbdae,#7e4944,#b15b62,#d69874
1985-12-01,3645,2991,#bf7d71,#caa09d,#3c3339,#755f65
1986-03-01,3883,2990,#fd5d7a,#d1c8bd,#473738,#c08b72
1986-05-01,124,3062,#e3ded2,#00b190,#2e2522,#b98963
1986-06-01,3454,52,#433636,#c4af79,#f6f202,#a97758
1986-07-01,4065,2800,#78655f,#cb9374,#362f2c,#ddd7c9
1986-08-01,4008,2918,#2d2a2f,#67453e,#e3c0bd,#d59b8d
1986-09-01,4167,2933,#694649,#d2a180,#31282f,#a97a5d
1986-10-01,4168,2869,#c49582,#559fc2,#3e3436,#e3dbd2
1986-11-01,4073,2305,#bb9f89,#c1cdce,#333737,#2e7b96
1986-12-01,3617,3076,#cf856d,#40353e,#86574f,#a59591
1987-01-01,4015,2968,#31373c,#eae8de,#71584f,#bc876b
1987-02-01,3390,2782,#eca48e,#eb6a75,#ab7977,#dbd1d2
1987-03-01,4058,3040,#396ea3,#a67c5e,#f1ece1,#ebb48a
1987-04-01,4098,2569,#d9905e,#ddb397,#333635,#f7f7f1
1987-05-01,30,3171,#b17748,#f3f0e4,#4a4335,#b3ab9b
1987-06-01,4090,3069,#392d39,#2b62af,#d1c4c2,#c4926e
1987-07-01,3901,3008,#d9ad8d,#c76d53,#503e34,#3297c9
1987-08-01,4101,56,#826a4d,#3fa62b,#59493d,#c4c3b9
1987-09-01,3794,2800,#b27551,#d39c76,#ebe5d9,#292020
1987-10-01,3586,2771,#e7e4dc,#2a1f1b,#caa46d,#956845
1987-12-01,3348,3034,#dda27d,#3d3c36,#79573f,#eae4d7
1988-01-01,4235,2869,#a5356a,#a85d45,#b68c7b,#e2d8ce
1988-02-01,4063,2998,#d6ccc9,#423130,#adc75c,#876544
1988-03-01,3752,3162,#994441,#413233,#dad7d2,#c38567
1988-05-01,3134,32,#f69cb9,#fc5796,#c6bb5d,#a28a4d
1988-07-01,4038,3005,#f4459c,#32292c,#ca8667,#ebe4e0
1988-08-01,3752,3086,#38719f,#3f343c,#d3d1d0,#9f585f
1988-09-01,3702,2936,#ddd9d5,#584c47,#292a2f,#9b615a
1988-10-01,3711,2702,#ab6e4d,#d78b64,#2a2428,#ebe8e0
1988-11-01,3734,2610,#dcd7d2,#2f2f38,#946c52,#bda193
1988-12-01,4203,1790,#89aec2,#903749,#352a2f,#dedad8
1989-01-01,4017,1633,#dbd6d4,#9a8388,#2a262d,#c2bbbf
1989-02-01,3447,2765,#8d634f,#d82722,#d6d2d1,#c29677
1989-03-01,3127,2883,#7c6952,#bd956f,#9cba97,#2c2e2d
1989-04-01,4080,3080,#696470,#9d9aa5,#ba725a,#dad6d5
1989-05-01,4128,2917,#6b84b0,#dfdfde,#ca9e6f,#302628
1989-06-01,4136,2433,#779bb0,#cac0bc,#895c4f,#252740
1989-07-01,59,2843,#b16555,#d7876f,#443031,#e3d7c8
1989-08-01,4062,2743,#e8c83d,#5c565e,#2a2a33,#d9c5a8
1989-09-01,4127,2215,#b54941,#d0c7bf,#5b3c3d,#709fc3
1989-10-01,4228,2070,#d3d0c8,#ba3c50,#694a4d,#b37872
1989-11-01,4097,1735,#b77b65,#98989c,#dcbd61,#5e4545
1989-12-01,4075,2564,#d8d0cb,#a7735a,#7b9ab5,#484140
1990-01-01,4225,2297,#b67159,#ad9d8b,#d9d1ca,#29292e
1990-02-01,3832,2847,#53403c,#48638d,#d4a293,#e4cdc7
1990-03-01,4111,2985,#303240,#9b8385,#7cc9e5,#b1b5c6
1990-04-01,4126,2778,#dededd,#8f4847,#322b2f,#ab806b
1990-05-01,4090,2657,#efe319,#3fa7d1,#365d8d,#cc987b
1990-06-01,3852,1614,#a16c5a,#e0d4cc,#db0c25,#533938
1990-07-01,4175,1648,#bf737b,#89a6c9,#d79b9d,#c1d1e4
1990-08-01,4018,2223,#d8c8b2,#7c6751,#45403b,#ba8a6b
1990-09-01,4018,2878,#bd826a,#df1030,#e2ddda,#493034
1990-10-01,19,2117,#5b3d37,#c47a40,#282429,#8f5f43
1990-11-01,4107,2388,#f0eee8,#8d96b0,#392e30,#9c7e67
1991-01-01,4232,2069,#f0f1ec,#6c7a9e,#141119,#825843
1991-02-01,4251,2761,#c19b62,#835342,#3c557a,#2b2929
1991-03-01,4059,3182,#f2f5f6,#a74d5c,#e2888d,#74afd9
1991-04-01,3957,1375,#bfc9db,#2e2828,#a16d50,#eff2f4
1991-07-01,4230,2561,#1e1512,#e0aa4f,#f8f1c1,#784d2f
1991-08-01,4041,2278,#bba788,#747476,#eef0f0,#f7c807
1991-09-01,4154,3005,#5a3e37,#e5e3de,#eca63b,#8a7d76
1991-10-01,14,2972,#2f221d,#c6c7ce,#65442c,#110d0d
1992-01-01,4028,2678,#27316a,#eeeced,#a04f2e,#b8886e
1992-03-01,4101,2638,#7d5c4d,#dd8557,#e8d5c5,#ad9c9b
1992-04-01,2376,1373,#a39989,#3e2f26,#807464,#734f37
1992-05-01,4220,2663,#8e745a,#db4a54,#352c27,#9ca6a5
1992-07-01,4224,2906,#161b1b,#bdc2bf,#6584a6,#967567
1992-09-01,4256,2884,#8d3533,#2a2223,#c2a295,#aa715b
1992-11-01,4214,1540,#84422d,#8998a5,#1e1e1d,#54698b
1992-12-01,4024,3046,#171818,#544a47,#8e6c51,#322d29
1993-01-01,2224,717,#a3bfcb,#25252c,#67555d,#d9d5cf
1993-03-01,4172,2305,#20232c,#ba8c62,#dedbd6,#6e574e
1993-05-01,4303,2932,#96c0d7,#9f7452,#dab32d,#dad0c3
1993-06-01,4179,2937,#352d31,#d4aaac,#dcd6d2,#976350
1993-07-01,4263,2651,#453736,#dad6cc,#b97b5e,#f8f91c
1993-09-01,4152,2505,#e1cd88,#372930,#c0a368,#806b58
1993-10-01,4243,2848,#372d31,#7b5f4c,#e2deda,#e1a980
1993-11-01,3578,2834,#ddd6c0,#694c47,#e5c564,#322f31
1993-12-01,4085,2938,#a0774d,#e7e4e1,#dacc9e,#e3a667
1994-01-01,3983,2771,#dddcd9,#463646,#c89b8d,#4dacd3
1994-03-01,141,2611,#4d4c4c,#f2ede2,#d1966f,#b27055
1994-04-01,3857,1599,#e3d1be,#b36742,#d48d5a,#fa4c68
1994-05-01,3941,3046,#3f3637,#d4a991,#e2e0df,#9a705f
1994-06-01,4074,2990,#814d41,#dfddd9,#402e2e,#d71526
1994-07-01,4287,2306,#e8e0d6,#e1b069,#468bb0,#d3743a
1994-11-01,5,2463,#5b545c,#e0e0df,#3d3841,#302c33
1994-12-01,4099,2814,#c91e91,#8c6270,#dcd3ca,#31303a
1995-01-01,17,2991,#2e376c,#7683a5,#adb3c7,#465285
1995-02-01,4208,2843,#b79c82,#d5d3ca,#3b3532,#8a6f64
1995-03-01,4123,2742,#1096db,#d8b0a6,#b36d5f,#f6f6f7
1995-05-01,5,2326,#9ab1b6,#dae8ea,#bed0d4,#8f8987
1995-09-01,4101,1463,#442e2e,#c9b8ae,#8c363f,#f65239
1995-11-01,23,2703,#b2bab1,#7b5541,#939691,#c9d4cb
1996-01-01,3956,2897,#d56e40,#312d30,#e1dcdc,#7c6e64
1996-03-01,3755,2615,#4573a0,#857656,#3c3e2d,#bbb9be
1996-06-01,4107,2757,#cbc3b8,#fa7c45,#8e7749,#b3986d
1996-10-01,4129,2299,#d8d2ce,#96312c,#755c58,#292c39
1996-11-01,4049,2862,#774242,#3d2f35,#e93d27,#e0dcdd
1997-01-01,4059,2852,#413a62,#c79da5,#908280,#62adc2
1997-04-01,4252,1041,#7b5b4f,#afb6b1,#ac8c7c,#61c2dc
1997-05-01,4215,2324,#d59b93,#893736,#a26850,#38272b
1997-06-01,4153,2514,#cea391,#7086a1,#3a3659,#b06052
1997-07-01,4112,2885,#bebfc0,#8a4c46,#563434,#7ed609
1997-10-01,4255,2325,#4a4b3b,#ad927d,#826f53,#cccacc
1998-01-01,2004,1702,#6a533d,#7b6f61,#161716,#483626
1998-04-01,2,2928,#d1dbde,#5c88a4,#eff5f5,#719bb4
1998-06-01,3920,2575,#d3d1da,#8e715f,#b64b29,#282626
1998-07-01,3869,1932,#c6c8c9,#3f443c,#7c6e4e,#526681
1998-10-01,3665,3073,#1d1f22,#a89989,#8d5e43,#544534
1999-04-01,3819,1648,#77818a,#673628,#876142,#292219
1999-05-01,6,2971,#664834,#3a1e13,#4e2b1d,#817465
1999-06-01,4249,2329,#4b3625,#947f69,#b7b8b3,#70513e
1999-07-01,4248,2695,#bcb7b9,#6a422d,#232022,#897152
2000-01-01,4100,1645,#917160,#4b3935,#d0cac9,#fb6742
2000-05-01,4047,2630,#c29485,#986251,#342d36,#d10a23
2000-06-01,3739,2732,#3c3031,#855e54,#d2d2d3,#ce0b22
2000-10-01,4283,1250,#bd8367,#4f7299,#7a483a,#2d2620
2001-01-01,4161,887,#979fa8,#392628,#a81f27,#436e8a
2001-04-01,2531,1695,#cca289,#936852,#433533,#dfd1cb
2001-05-01,3831,2833,#bb7f61,#d6d3d5,#a5222e,#4c3b3f
2001-06-01,4182,2252,#d20b32,#8d7566,#4a4945,#d9d6d2
2001-10-01,4240,2027,#9b2d27,#ab7358,#2c2623,#6e8ea9
2002-05-01,3776,1516,#d80d23,#4c3837,#cdaaa4,#b28376
2002-12-01,4098,2671,#654337,#35292b,#896333,#9a7662
2003-01-01,4213,2289,#3c3032,#d4d1d1,#a16a4c,#b79079
2003-06-01,4133,2549,#638abc,#a0926f,#686644,#141715
2003-07-01,4216,2356,#a8b3c0,#383841,#fb9847,#d1cfd2
2003-11-01,4085,1598,#d7d7d8,#978779,#675b55,#303135
2003-12-01,3939,3031,#8c8765,#cdcccc,#292e2d,#4e6548
2004-01-01,64,2443,#9b9883,#d59858,#bb5729,#e1c4a5
2004-05-01,48,2179,#81685d,#6c554a,#3c2f2e,#ae9fa1
2004-06-01,3,3034,#ba9465,#454ccf,#cad3db,#8f404a
2005-06-01,4230,1263,#a6836b,#d9d7d2,#40393a,#28bccb
2005-08-01,3786,2391,#c89c5b,#443634,#c7bfba,#837568
2005-11-01,4147,2900,#2e2f33,#cfb996,#cb489e,#b5906f
2006-01-01,4136,3019,#463e30,#d43381,#dacaa8,#9a804b
2006-04-01,4200,2771,#ce1023,#cc9f70,#8ba9c6,#62493d
2006-05-01,3873,2231,#2c2834,#ded8d3,#d1a786,#9f765a
2006-06-01,4195,2495,#dad6d2,#b58760,#0690c0,#bdae9e
2006-08-01,4140,2680,#caa28a,#8d6a54,#dbdbde,#2b292e
2006-10-01,3712,2537,#dad2cc,#cc2e7f,#66594a,#25252a
2007-01-01,70,1474,#7b251f,#746254,#867565,#2d1d20
2007-06-01,3399,1806,#c42904,#bd8d60,#2b2526,#7f5337
2007-08-01,4176,2354,#6c7773,#b4a594,#d23084,#24304d
2007-10-01,4013,2589,#dcd9dc,#332e30,#a8948a,#7a5a4c
2008-01-01,95,2747,#d9d7d8,#b4a79d,#2d2736,#76434e
2008-05-01,3479,2554,#e9edf0,#8b857c,#293a3e,#c8beb8
2008-06-01,3834,2805,#75553f,#97856a,#2f2f2e,#d0cec3
2008-10-01,4008,2819,#2d2d35,#c1294e,#b2998d,#74615c
2008-12-01,4237,2718,#35221b,#b1bac8,#886e55,#e0dfdd
2009-01-01,4046,3128,#cad1d9,#2a211b,#b68b60,#905330
2009-04-01,3998,2835,#af9f82,#2c588e,#d5d2c0,#7c5d46
2009-07-01,4185,2341,#c83238,#dfdee1,#403435,#d4a782
2009-10-01,3922,2489,#9e5254,#282530,#eae0d1,#dbc3a1
2009-11-01,2799,856,#5a3e2d,#998a73,#362620,#7d6248
2010-01-01,4120,2993,#c5afa3,#110e13,#dedbe1,#a27e67
2010-04-01,4198,2945,#d8d4bf,#433533,#997f61,#c7ae83
2010-05-01,4142,2944,#ba8563,#5e60a3,#cf0e7b,#433241
2010-07-01,4026,2948,#3d2f34,#eadfd3,#cea98e,#996953
2010-08-01,4214,2882,#403e8c,#dad6ca,#c4a582,#2b283f
2010-10-01,4250,2988,#e2399a,#d0b995,#dedbd2,#3a3638
2010-12-01,3868,2547,#b29c93,#545d7e,#cfd6e4,#a6666f
2011-04-01,4257,2509,#c5c5cd,#553433,#a15445,#6d707e
2011-06-01,4230,2903,#3b2b2c,#d6cfca,#9c634f,#c28c70
2011-10-01,4228,2368,#a5908c,#2a3850,#c20753,#d1c7bf
2011-11-01,3440,2845,#2a2731,#bda69d,#7b767c,#b40c30
2011-12-01,4074,2256,#d7d0ca,#7e7776,#9ea5a2,#393b44
2012-01-01,2642,1605,#786b63,#c5ced3,#ca0769,#999899
2012-04-01,3814,1731,#c7a684,#3b2b32,#63a8b4,#9c6d5b
2012-05-01,4185,2681,#d8cfc7,#4e3134,#9d6b66,#c8a295
2012-06-01,3897,2224,#c1a786,#30272b,#874e37,#a67a5b
2012-07-01,4252,2736,#e7c69f,#2b211b,#c59875,#9a604a
2012-10-01,3128,1741,#bdd0e9,#648bb9,#eac6bf,#b66c80
2012-11-01,3195,1913,#cf9e76,#8c6245,#d61c3a,#331b18
2012-12-01,3104,2354,#efe2d5,#1f1b1f,#cc1a34,#555f4f
2013-01-01,3004,1882,#aa8a5f,#f1efec,#d5bf93,#6c4638
2013-03-01,3250,1932,#c8977f,#a44a3a,#757375,#1a1414
2013-04-01,3172,2232,#81702c,#bb9471,#172f58,#f3efeb
2013-05-01,3036,1791,#9e8664,#3d3d1f,#a5c41d,#ebece4
2013-06-01,3269,2010,#38241e,#f4f1ec,#e2b492,#934731
2013-07-01,3092,2174,#f1e3d7,#b9a28b,#302a20,#63793c
2013-08-01,3254,1851,#eee9e1,#994c24,#948148,#5a321c
1960-01-01,4759,3500,#889596,#c4c5b7,#5b6250,#3b392d
1960-06-01,4760,2529,#2e3a31,#ccceca,#6e5c51,#a0876f
1960-08-15,4742,3157,#252a35,#ac9083,#bfb9b7,#d4d0ce
1961-08-15,4802,3170,#c2bdbc,#414045,#857669,#743829
1962-02-01,4849,2190,#855a4e,#a39b94,#484c4f,#d9d2ca
1962-05-01,4509,3341,#bea65c,#463e39,#7f624d,#a48870
1965-11-15,4365,3459,#3e688d,#3b3833,#cbc8b7,#9b8370
1966-02-15,4576,3452,#cec1ba,#9b7a59,#4f3a2c,#b59575
1966-04-15,4628,3569,#524f4e,#9f5f3d,#bdb8a8,#8e887f
1967-02-15,4643,3166,#c4c0ac,#bc2642,#4e633e,#b59567
1967-04-15,4655,3616,#272b44,#c2a68a,#b17252,#6e573c
1967-08-15,4508,3407,#cdc6b0,#876947,#342f21,#508eb0
1967-09-15,4412,3556,#3e3b27,#b8b7a2,#b48a64,#866544
1968-08-15,4763,3508,#573b36,#252327,#8c5145,#9c856d
1968-09-15,4774,3312,#6f5b45,#cd6168,#9b7b60,#bab6a8
1968-10-15,4684,3138,#d64a7b,#bd9168,#3d3319,#82613a
1969-01-15,4529,3193,#0896af,#bd8f62,#494631,#a4502a
1969-11-15,4191,3119,#aeabb2,#958582,#3b3334,#665244
1970-03-01,4587,2402,#372e25,#b23481,#b47751,#d7c8ba
1970-04-15,4532,3594,#cec7c4,#987059,#4a382e,#814b37
1970-10-01,4793,2505,#beb8b5,#3c3630,#a1836e,#7f5640
1976-05-01,4408,3303,#f6749c,#a07662,#d4cdc6,#b99281
1988-06-01,3927,2994,#26c0bf,#cf9084,#433435,#9a6053
1992-02-01,3833,2645,#15191a,#3d5267,#e28540,#a7a4a1
1992-08-01,4159,2643,#6a503e,#f62c3a,#26201b,#edc563
1993-02-01,4113,2971,#dbdbd9,#303749,#9b797a,#ca9d8f
1993-04-01,3784,1666,#b84c35,#79433a,#e2d6ce,#c89576
1993-08-01,3965,3003,#62687a,#e1e1e1,#ac363f,#2b2a31
1994-02-01,4135,1747,#c9906c,#2f2d31,#8ab4ca,#e2d4c4
1994-08-01,4304,2071,#d20f24,#dad2cf,#3a3437,#c69193
1994-09-01,4050,2828,#c64151,#e4d9cc,#c5875e,#3c3338
1994-10-01,4235,2715,#3d3940,#c2c4c9,#2b4982,#377aab
1995-06-01,4108,2596,#a37c63,#413834,#dcdad8,#cd9ca3
1995-08-01,4199,2099,#67747b,#4fb0c0,#c59f9a,#32424a
1995-12-01,4189,2404,#718193,#dfe1dd,#a0acb3,#303137
1996-04-01,4159,2946,#378ab4,#285e8d,#d5d5d7,#2e2c33
1996-05-01,4258,1430,#dbbeaf,#ce936c,#7a4f49,#4f7099
1996-07-01,4200,2403,#a77468,#c99590,#77dc08,#2f3255
1996-08-01,18,2270,#454940,#8a9a52,#b1b0ab,#c19f71
1996-09-01,2792,1902,#bca18a,#ba815d,#87684c,#424040
1996-12-01,4209,2837,#c9c5c5,#5e8fba,#b8958a,#ef6b2e
1997-02-01,3893,2867,#cb5c48,#77a3b3,#cfd0cf,#ba9a89
1997-03-01,3833,1550,#6d6753,#d2cfc5,#c79a9c,#a88b75
1997-08-01,4230,2429,#a89089,#746866,#d5d2d1,#d80d4a
1997-09-01,4187,2848,#d9d8d1,#90adbe,#383a3b,#888581
1997-11-01,4161,2387,#ac988e,#6b7072,#da0f36,#3b3b40
1997-12-01,4004,1538,#961f2b,#b29996,#cdc8ce,#2c282e
1998-05-01,31,2103,#1f1f50,#cfeff6,#d7c4ac,#aa7545
1998-12-01,3047,1360,#d0d1d4,#1e1c21,#755746,#988278
1999-02-01,4253,2267,#44321d,#9aa5b2,#877971,#161511
1999-03-01,4080,2833,#8e7c67,#705036,#5d5a7a,#b1b2ad
1999-08-01,20,2253,#60574c,#251610,#6f6960,#4d453b
1999-09-01,4043,2190,#d00b20,#c5b2ad,#2a478c,#9f7664
1999-11-01,1805,2375,#292525,#765c4c,#eaeceb,#b88f6e
1999-12-01,3758,2331,#9ba0b4,#dbdee4,#8d827a,#292827
2000-02-01,4139,2772,#cdc2c3,#c90c22,#ba9990,#31282b
2000-03-01,3762,2499,#9b4828,#7284a0,#bc8862,#dddfe1
2000-04-01,3912,1658,#593735,#d3c9c3,#dda181,#d2815e
2000-07-01,4056,2730,#8e7458,#ccaa94,#332e2c,#dbd9d8
2000-09-01,3972,1605,#a49872,#d4cfc7,#5f5b4f,#d11221
2000-12-01,3321,2899,#812f2e,#b48889,#c61835,#ede6e3
2001-03-01,4169,1583,#49302f,#de996f,#adbcd6,#ae6958
2001-07-01,3821,2914,#cba798,#383631,#7e644e,#dddcdf
2001-08-01,4233,2475,#b7b3b1,#3a3337,#978582,#d3d3d6
2001-09-01,3531,1663,#968b53,#5c505d,#dfdede,#3a2b32
2001-12-01,3824,2561,#83a0b9,#463d45,#c5a285,#b52f37
2002-01-01,4170,2590,#d2d5da,#4f3c3b,#9a7768,#c1aa9e
2002-02-01,4193,2402,#c34216,#84644d,#c19a7b,#dedee8
2002-03-01,3863,1019,#a36f58,#30292d,#cfc9cc,#c2947d
2002-04-01,3494,1971,#cea792,#dedbdc,#b08268,#503531
2002-07-01,4109,2385,#c5a299,#603e3d,#90a9b8,#8f8368
2002-08-01,4196,2253,#33a6dc,#3e3336,#dbd6d3,#c5997e
2002-09-01,3535,1739,#a9826f,#2e2d33,#d3b9a7,#7b4843
2002-11-01,2962,1778,#b0917b,#d8c2b5,#29282d,#765c4d
2003-03-01,4210,2478,#d9d8dc,#8c3334,#9e8d8d,#463334
2003-04-01,4170,2163,#a4855b,#373939,#dbdde8,#775431
2003-05-01,12,2206,#1f1a13,#6f3825,#17f613,#905a51
2004-03-01,4160,2164,#b8a89e,#cfd2d6,#3e3339,#7d5853
2004-04-01,3349,2725,#afafa7,#e1e4e6,#ce0e22,#312b30
2004-08-01,4261,1483,#e3e3e6,#222127,#8f8688,#554b52
2004-09-01,3419,1972,#c65350,#7a443f,#f0e1d6,#2d2228
2004-11-01,4177,2142,#2e2a2e,#d01723,#d7cab1,#b39980
2004-12-01,4099,2415,#6d6962,#b5b4b0,#323337,#d9dadc
2005-03-01,4193,2643,#51332e,#b17a53,#ddd9d5,#a33735
2005-05-01,2896,1954,#382f34,#bc9f89,#7c5b53,#d8d6d5
2005-07-01,3739,2657,#6c5746,#a48564,#e0d2b9,#d3ad7e
2005-09-01,4163,2209,#c9aa88,#392e2f,#dcd5c9,#79433e
2005-10-01,3894,2729,#503432,#a1644c,#dbd8d6,#d5aa7f
2005-12-01,2046,1989,#d5101f,#dcc7ac,#4b3d2f,#cca965
2006-02-01,3948,2794,#b79c7d,#3c2d2d,#d73b32,#d6d1cb
2006-03-01,3960,2970,#b5a69d,#c7c2bf,#d3539d,#8c7167
2006-07-01,4209,3014,#30221b,#9c6d4c,#b3a298,#d8d5da
2006-09-01,3949,1430,#e0dcdf,#a07e79,#412c2f,#6f5150
2007-02-01,4057,2860,#847157,#b0a190,#d0ced0,#2f2c26
2007-05-01,1884,1024,#362e33,#d8ccca,#8c6853,#35476e
2007-07-01,3936,2502,#c81025,#cbad98,#997d68,#4c3934
2008-03-01,4081,2401,#422e33,#ded2c1,#8c6c57,#c3432d
2008-04-01,3883,1257,#5f625c,#d3cac5,#2e2e32,#a6998a
2008-08-01,4289,2433,#2f2c2c,#876d4e,#3d81bc,#d7d5df
2008-09-01,3967,2104,#5d6788,#d4d8e6,#282a42,#b1a9af
2008-11-01,4166,2891,#b9bbb0,#201f23,#9a876d,#333d60
2009-02-01,4282,2806,#e2e0d8,#212221,#7a5332,#c5bc92
2009-03-01,3969,2951,#c39669,#8f5736,#3b2629,#e2d2bf
2009-05-01,4223,1710,#845e36,#d6b286,#ad916e,#f4f6f7
2009-06-01,4158,2729,#9a9887,#797057,#d2dcdb,#b9bdb4
2009-08-01,4023,2625,#a6988e,#6e6857,#322f2f,#dcdbda
2009-09-01,3981,2759,#cda97a,#2c2327,#d8cec0,#894334
2009-12-01,42,1349,#201717,#69553e,#4e3e2d,#362921
2010-02-01,4013,2855,#675d63,#d4cdcb,#bc9a7c,#36303b
2010-03-01,3932,2591,#d8b486,#974634,#b88251,#3b3131
2010-06-01,4250,2557,#c3bfaf,#40373b,#d1dae0,#da0e25
2010-09-01,4051,2779,#dfceb8,#c82647,#926047,#352d2f
2011-02-01,77,2298,#9db2aa,#272527,#87842a,#d9dce1
2011-05-01,3993,2766,#d2c0ac,#db0e21,#282932,#a17f5f
2011-07-01,3970,2887,#d7b49c,#9f1c37,#382c30,#c17a5a
2011-08-01,4123,2690,#352f31,#a6aaa8,#d4d7d9,#d00b6b
2011-09-01,3936,2655,#a37c70,#c1bf91,#dcd9cb,#3b2b33
2012-02-01,3502,2937,#423231,#1165c2,#946a45,#d8d4c9
2012-03-01,4148,2888,#2c2636,#d30e24,#d8cfcd,#684a59
2012-08-01,21,2375,#180f15,#5f5b7d,#3d3246,#f5f3ed
