Id,x,y,month,year,season
0,4482,2026,jan,2022,s,
1,3155,2737,jan,2022,s,
2,3153,2066,jan,2022,s,
3,4595,2737,jan,2022,s,
4,3674,1221,jan,2022,s,
5,3037,1793,jan,2022,s,
6,4839,1219,jan,2022,s,
7,2895,2143,jan,2022,s,
8,3533,2308,jan,2022,s,
9,4523,3079,jan,2022,s,
10,3444,1470,jan,2022,s,
11,4126,1790,jan,2022,s,
12,4026,1315,jan,2022,s,
13,3552,2743,jan,2022,s,
14,4981,1869,jan,2022,s,
15,3948,1411,jan,2022,s,
16,3551,2049,jan,2022,s,
17,2624,1350,jan,2022,s,
18,3819,2301,jan,2022,s,
19,4511,1854,jan,2022,s,
20,3626,1593,jan,2022,s,
21,1425,1313,jan,2022,s,
22,4817,817,jan,2022,s,
23,3728,2172,jan,2022,s,
24,4413,2139,jan,2022,s,
25,3099,2521,jan,2022,s,
26,3462,1604,jan,2022,s,
27,4214,1263,jan,2022,s,
28,2476,1964,jan,2022,s,
29,3800,1385,jan,2022,s,
30,2459,1271,jan,2022,s,
31,3310,1059,jan,2022,s,
32,3861,1071,jan,2022,s,
33,3213,2970,jan,2022,s,
34,3413,1573,jan,2022,s,
35,3944,1461,jan,2022,s,
36,3903,1371,jan,2022,s,
37,3535,2058,jan,2022,s,
38,3592,1847,jan,2022,s,
39,4509,1308,jan,2022,s,
40,2169,1071,jan,2022,s,
41,3698,1257,jan,2022,s,
42,3186,2422,jan,2022,s,
43,2678,1481,jan,2022,s,
44,4077,1424,jan,2022,s,
45,2629,1737,jan,2022,s,
46,3762,1807,jan,2022,s,
47,2095,1515,jan,2022,s,
48,3446,2068,jan,2022,s,
49,3751,2015,jan,2022,s,
50,1826,741,jan,2022,s,
51,1297,1099,jan,2022,s,
52,3493,2683,jan,2022,s,
53,2276,1758,jan,2022,s,
54,3815,2302,jan,2022,s,
55,2963,1948,jan,2022,s,
56,3140,1863,jan,2022,s,
57,1644,1204,jan,2022,s,
58,2609,1554,jan,2022,s,
59,3357,2227,jan,2022,s,
60,3242,1787,jan,2022,s,
61,3754,1999,jan,2022,s,
62,3278,1514,jan,2022,s,
63,3438,1632,jan,2022,s,
64,3488,2173,jan,2022,s,
65,2139,2646,jan,2022,s,
66,4247,2505,jan,2022,s,
67,3155,1063,jan,2022,s,
68,3843,2345,jan,2022,s,
69,3890,1595,jan,2022,s,
70,3258,3082,jan,2022,s,
71,3351,3298,jan,2022,s,
72,3241,1208,jan,2022,s,
73,775,359,jan,2022,s,
74,2928,1053,jan,2022,s,
75,4059,1619,jan,2022,s,
76,4616,2133,jan,2022,s,
77,3581,2252,jan,2022,s,
78,3263,1760,jan,2022,s,
79,4364,1693,jan,2022,s,
80,3726,1921,jan,2022,s,
81,2857,741,jan,2022,s,
82,3873,2253,jan,2022,s,
83,3667,2040,jan,2022,s,
84,3171,1977,jan,2022,s,
85,4255,2355,jan,2022,s,
86,4189,1491,jan,2022,s,
87,2353,1841,jan,2022,s,
88,3735,1380,jan,2022,s,
89,3445,1124,jan,2022,s,
90,3658,1169,jan,2022,s,
91,3215,2582,jan,2022,s,
92,4432,1599,jan,2022,s,
93,4349,3373,jan,2022,s,
94,3753,2043,jan,2022,s,
95,3721,2354,jan,2022,s,
96,3815,1383,jan,2022,s,
97,3943,1241,jan,2022,s,
98,3481,1513,jan,2022,s,
99,2054,1290,jan,2022,s,
100,3273,2257,jan,2022,s,
101,3239,2272,jan,2022,s,
102,3607,2165,jan,2022,s,
103,2354,1706,jan,2022,s,
104,3091,2416,jan,2022,s,
105,3783,2441,jan,2022,s,
106,3708,2223,jan,2022,s,
107,3913,813,jan,2022,s,
108,3465,1439,jan,2022,s,
109,3447,1624,jan,2022,s,
110,3136,1457,jan,2022,s,
111,1731,741,jan,2022,s,
112,3177,2437,jan,2022,s,
113,4055,2495,jan,2022,s,
114,3331,1070,jan,2022,s,
115,2074,876,jan,2022,s,
116,2770,1954,jan,2022,s,
117,3711,2301,jan,2022,s,
118,4180,2011,jan,2022,s,
119,3159,769,jan,2022,s,
120,2541,944,jan,2022,s,
121,2745,1052,jan,2022,s,
122,1523,718,jan,2022,s,
123,3728,1941,jan,2022,s,
124,4491,3057,jan,2022,s,
125,3159,3141,jan,2022,s,
126,4582,1541,jan,2022,s,
127,1951,1174,jan,2022,s,
128,4469,1158,jan,2022,s,
129,4914,1464,jan,2022,s,
130,954,183,jan,2022,s,
131,2378,583,jan,2022,s,
132,1517,357,jan,2022,s,
133,4358,3228,jan,2022,s,
134,4592,3405,jan,2022,s,
135,4359,2792,jan,2022,s,
136,3833,1177,jan,2022,s,
137,3707,2999,jan,2022,s,
138,4836,2792,jan,2022,s,
139,4577,2775,jan,2022,s,
140,3970,2200,jan,2022,s,
141,4203,1952,jan,2022,s,
142,5186,2844,jan,2022,s,
143,4504,3293,jan,2022,s,
144,4937,2367,jan,2022,s,
145,4930,1262,jan,2022,s,
146,4656,3416,jan,2022,s,
147,4718,1412,jan,2022,s,
148,3812,2019,jan,2022,s,
149,4958,1830,jan,2022,s,
150,2078,1652,jan,2022,s,
151,5027,3884,jan,2022,s,
152,3679,2565,jan,2022,s,
153,3700,1801,jan,2022,s,
154,1313,503,jan,2022,s,
155,4260,3196,jan,2022,s,
156,2726,3117,jan,2022,s,
157,4412,3647,jan,2022,s,
158,4698,3470,jan,2022,s,
159,3692,2329,jan,2022,s,
160,4760,2270,jan,2022,s,
161,656,937,jan,2022,s,
162,3855,3486,jan,2022,s,
163,5064,3778,jan,2022,s,
164,4569,3541,jan,2022,s,
165,5130,1653,jan,2022,s,
166,3644,2470,jan,2022,s,
167,3958,2359,jan,2022,s,
168,3222,3297,jan,2022,s,
169,5233,3278,jan,2022,s,
170,4443,3165,jan,2022,s,
171,5140,3636,jan,2022,s,
172,341,103,jan,2022,s,
173,4747,3122,jan,2022,s,
174,3771,2689,jan,2022,s,
175,4201,1176,jan,2022,s,
176,4555,3887,jan,2022,s,
177,4960,3489,jan,2022,s,
178,3978,2728,jan,2022,s,
179,3409,3291,jan,2022,s,
180,4053,3010,jan,2022,s,
181,4102,3408,jan,2022,s,
182,4567,3443,jan,2022,s,
183,4306,2856,jan,2022,s,
184,4432,3520,jan,2022,s,
185,4976,2320,jan,2022,s,
186,3651,3372,jan,2022,s,
187,3439,2561,jan,2022,s,
188,4187,3394,jan,2022,s,
189,4772,3542,jan,2022,s,
190,2230,973,jan,2022,s,
191,131,2323,jan,2022,s,
192,4181,2488,jan,2022,s,
193,4856,2760,jan,2022,s,
194,4292,3414,jan,2022,s,
195,4471,2604,jan,2022,s,
196,4111,7,jan,2022,s,
197,4279,2341,jan,2022,s,
198,4478,2266,jan,2022,s,
199,3401,2864,jan,2022,s,
200,2762,1586,jan,2022,s,
201,2506,3069,jan,2022,s,
202,3571,731,jan,2022,s,
203,4884,2874,jan,2022,s,
204,4268,1737,jan,2022,s,
205,3751,2503,jan,2022,s,
206,2953,1791,jan,2022,s,
207,4012,3559,jan,2022,s,
208,4874,987,jan,2022,s,
209,4303,2188,jan,2022,s,
210,3425,3125,jan,2022,s,
211,629,254,jan,2022,s,
212,713,524,jan,2022,s,
213,4542,3236,jan,2022,s,
214,3382,2386,jan,2022,s,
215,2818,2429,jan,2022,s,
216,3386,2741,jan,2022,s,
217,3666,3271,jan,2022,s,
218,3863,3293,jan,2022,s,
219,4885,3021,jan,2022,s,
220,4360,1625,jan,2022,s,
221,4579,2572,jan,2022,s,
222,2761,3147,jan,2022,s,
223,3745,2500,jan,2022,s,
224,4378,12,jan,2022,s,
225,44,3305,jan,2022,s,
226,4294,3379,jan,2022,s,
227,4682,3505,jan,2022,s,
228,4552,3322,jan,2022,s,
229,4697,1275,jan,2022,s,
230,4519,3367,jan,2022,s,
231,3798,2386,jan,2022,s,
232,3337,2953,jan,2022,s,
233,1681,1216,jan,2022,s,
234,4156,3228,jan,2022,s,
235,4862,2702,jan,2022,s,
236,3615,1668,jan,2022,s,
237,4070,2477,jan,2022,s,
238,3459,2137,jan,2022,s,
239,4040,2448,jan,2022,s,
240,2669,2048,jan,2022,s,
241,4964,2770,jan,2022,s,
242,3423,2465,jan,2022,s,
243,3546,1538,jan,2022,s,
244,3447,2573,jan,2022,s,
245,2938,2425,jan,2022,s,
246,4398,2759,jan,2022,s,
247,3292,3105,jan,2022,s,
248,3605,2143,jan,2022,s,
249,3645,2865,jan,2022,s,
250,3887,1500,jan,2022,s,
251,4258,3180,jan,2022,s,
252,4483,2096,jan,2022,s,
253,4584,3108,jan,2022,s,
254,4698,1442,jan,2022,s,
255,4790,2845,jan,2022,s,
256,4183,3604,jan,2022,s,
257,3409,2431,jan,2022,s,
258,4686,2562,jan,2022,s,
259,2441,760,jan,2022,s,
260,3941,2343,jan,2022,s,
261,3870,2027,jan,2022,s,
262,4074,2027,jan,2022,s,
263,3013,2257,jan,2022,s,
264,4092,3190,jan,2022,s,
265,4575,1820,jan,2022,s,
266,2300,1718,jan,2022,s,
267,3352,3175,jan,2022,s,
268,4142,2094,jan,2022,s,
269,4136,2439,jan,2022,s,
270,4561,2793,jan,2022,s,
271,3521,2620,jan,2022,s,
272,3707,1583,jan,2022,s,
273,4621,2948,jan,2022,s,
274,4521,3759,jan,2022,s,
275,4357,3497,jan,2022,s,
276,4523,3467,jan,2022,s,
277,4481,2689,jan,2022,s,
278,4978,1564,jan,2022,s,
279,3421,2960,jan,2022,s,
280,2835,2266,jan,2022,s,
281,3944,2063,jan,2022,s,
282,3131,950,jan,2022,s,
283,1313,2122,jan,2022,s,
284,4537,1498,jan,2022,s,
285,2356,2602,jan,2022,s,
286,1468,861,jan,2022,s,
287,4409,1893,jan,2022,s,
288,4515,2001,jan,2022,s,
289,4905,2736,jan,2022,s,
290,3836,2462,jan,2022,s,
291,4349,3230,jan,2022,s,
292,4383,1820,jan,2022,s,
293,3493,2345,jan,2022,s,
294,4046,3501,jan,2022,s,
295,4249,2306,jan,2022,s,
296,2236,2378,jan,2022,s,
297,3664,2199,jan,2022,s,
298,4020,2251,jan,2022,s,
299,4785,1279,jan,2022,s,
300,3787,2127,jan,2022,s,
301,4184,2989,jan,2022,s,
302,4813,3280,jan,2022,s,
303,4848,1559,jan,2022,s,
304,2838,2781,jan,2022,s,
305,4121,1759,jan,2022,s,
306,4269,1510,jan,2022,s,
307,1782,849,jan,2022,s,
308,3947,1635,jan,2022,s,
309,4677,2335,jan,2022,s,
310,4800,1388,jan,2022,s,
311,4630,1747,jan,2022,s,
312,3527,1140,jan,2022,s,
313,4005,1805,jan,2022,s,
314,3815,1909,jan,2022,s,
315,4091,2338,jan,2022,s,
316,4904,2334,jan,2022,s,
317,2358,2526,jan,2022,s,
318,1135,823,jan,2022,s,
319,3921,951,jan,2022,s,
320,3686,3194,jan,2022,s,
321,3917,111,jan,2022,s,
322,2735,1032,jan,2022,s,
323,3450,1745,jan,2022,s,
324,2998,1734,jan,2022,s,
325,4363,2158,jan,2022,s,
326,4101,3069,jan,2022,s,
327,4606,1473,jan,2022,s,
328,4522,2649,jan,2022,s,
329,4337,1948,jan,2022,s,
330,4720,2590,jan,2022,s,
331,1186,135,jan,2022,s,
332,1423,1878,jan,2022,s,
333,3307,3369,jan,2022,s,
334,3997,3281,jan,2022,s,
335,3843,2143,jan,2022,s,
336,3834,1605,jan,2022,s,
337,3509,2481,jan,2022,s,
338,1478,1227,jan,2022,s,
339,3843,1839,jan,2022,s,
340,2548,3018,jan,2022,s,
341,4797,2876,jan,2022,s,
342,4435,2222,jan,2022,s,
343,4547,2134,jan,2022,s,
344,4602,2790,jan,2022,s,
345,4854,1996,jan,2022,s,
346,4231,3228,jan,2022,s,
347,4323,3477,jan,2022,s,
348,4199,2117,jan,2022,s,
349,4532,1337,jan,2022,s,
350,3007,2791,jan,2022,s,
351,2896,1383,jan,2022,s,
352,4110,3306,jan,2022,s,
353,4668,3330,jan,2022,s,
354,4377,2878,jan,2022,s,
355,2912,2988,jan,2022,s,
356,3657,1710,jan,2022,s,
357,4411,2769,jan,2022,s,
358,3722,3680,jan,2022,s,
359,4879,2274,jan,2022,s,
360,17,1852,jan,2022,s,
361,4839,1595,jan,2022,s,
362,4520,3048,jan,2022,s,
363,4641,1265,jan,2022,s,
364,4817,3553,jan,2022,s,
365,4278,3259,jan,2022,s,
366,4830,3202,jan,2022,s,
367,4464,1548,jan,2022,s,
368,4970,3549,jan,2022,s,
369,4510,3371,jan,2022,s,
370,962,737,jan,2022,s,
371,4559,3438,jan,2022,s,
372,4772,37,jan,2022,s,
373,4136,3342,jan,2022,s,
374,4887,3504,jan,2022,s,
375,3972,3558,jan,2022,s,
376,4894,3718,jan,2022,s,
377,4497,3597,jan,2022,s,
378,4697,2888,jan,2022,s,
379,4611,2739,jan,2022,s,
380,4653,3098,jan,2022,s,
381,3759,3491,jan,2022,s,
382,4450,3679,jan,2022,s,
383,4767,3539,jan,2022,s,
384,4453,1012,jan,2022,s,
385,5017,3634,jan,2022,s,
386,54,3502,jan,2022,s,
387,4724,3395,jan,2022,s,
388,4687,3048,jan,2022,s,
389,4799,3667,jan,2022,s,
390,4936,1960,jan,2022,s,
391,4877,2829,jan,2022,s,
392,4725,3439,jan,2022,s,
393,4651,2728,jan,2022,s,
394,4518,3676,jan,2022,s,
395,4709,3269,jan,2022,s,
396,4732,3245,jan,2022,s,
397,4203,3703,jan,2022,s,
398,4346,3326,jan,2022,s,
399,4825,3340,jan,2022,s,
400,4930,1490,jan,2022,s,
401,4576,3449,jan,2022,s,
402,3579,2100,jan,2022,s,
403,4510,2841,jan,2022,s,
404,4628,3693,jan,2022,s,
405,3743,2376,jan,2022,s,
406,4131,4,jan,2022,s,
407,4549,3646,jan,2022,s,
408,4372,3238,jan,2022,s,
409,4902,3347,jan,2022,s,
410,2280,1872,jan,2022,s,
411,4347,3717,jan,2022,s,
412,4880,2040,jan,2022,s,
413,4435,33,jan,2022,s,
414,4257,2456,jan,2022,s,
415,4938,3251,jan,2022,s,
416,4728,3079,jan,2022,s,
417,4991,3250,jan,2022,s,
418,4351,2438,jan,2022,s,
419,3329,2936,jan,2022,s,
420,4582,3282,jan,2022,s,
421,4585,2823,jan,2022,s,
422,4501,3600,jan,2022,s,
423,3777,3520,jan,2022,s,
424,2692,2522,jan,2022,s,
425,4489,3189,jan,2022,s,
426,3726,3503,jan,2022,s,
427,4807,2962,jan,2022,s,
428,4293,3558,jan,2022,s,
429,4534,1228,jan,2022,s,
430,4652,1645,jan,2022,s,
431,3656,3505,jan,2022,s,
432,4927,2360,jan,2022,s,
433,4622,2200,jan,2022,s,
434,4834,1492,jan,2022,s,
435,4647,3725,jan,2022,s,
436,4634,3090,jan,2022,s,
437,2584,2926,jan,2022,s,
438,50,1416,jan,2022,s,
439,2861,2562,jan,2022,s,
440,4599,3302,jan,2022,s,
441,3445,3768,jan,2022,s,
442,4629,3092,jan,2022,s,
443,4222,3174,jan,2022,s,
444,3790,3606,jan,2022,s,
445,4214,3179,jan,2022,s,
446,4907,2805,jan,2022,s,
447,5013,2396,jan,2022,s,
448,4533,3470,jan,2022,s,
449,5011,2571,jan,2022,s,
450,4675,1031,jan,2022,s,
451,4111,3319,jan,2022,s,
452,3101,2446,jan,2022,s,
453,4047,3646,jan,2022,s,
454,3527,3443,jan,2022,s,
455,4855,2471,jan,2022,s,
456,4547,2652,jan,2022,s,
457,4081,2702,jan,2022,s,
458,3934,3439,jan,2022,s,
459,4810,2743,jan,2022,s,
460,4045,3631,jan,2022,s,
461,4473,3075,jan,2022,s,
462,4496,3181,jan,2022,s,
463,4429,3688,jan,2022,s,
464,4611,3574,jan,2022,s,
465,3941,2403,jan,2022,s,
466,4299,3639,jan,2022,s,
467,3403,1558,jan,2022,s,
468,4865,2707,jan,2022,s,
469,4220,3634,jan,2022,s,
470,4696,3069,jan,2022,s,
471,4906,1466,jan,2022,s,
472,4205,3259,jan,2022,s,
473,4771,3438,jan,2022,s,
474,4477,32,jan,2022,s,
475,4344,3657,jan,2022,s,
476,4638,3514,jan,2022,s,
477,4228,3562,jan,2022,s,
478,4592,2099,jan,2022,s,
479,4483,2172,jan,2022,s,
480,3916,2433,jan,2022,s,
481,4258,2779,jan,2022,s,
482,3801,3340,jan,2022,s,
483,4909,2240,jan,2022,s,
484,4727,3002,jan,2022,s,
485,4944,2986,jan,2022,s,
486,4339,2355,jan,2022,s,
487,4171,3020,jan,2022,s,
488,4854,2750,jan,2022,s,
489,4685,3326,jan,2022,s,
490,5130,3843,jan,2022,s,
491,4881,2457,jan,2022,s,
492,4934,3166,jan,2022,s,
493,4572,3759,jan,2022,s,
494,4871,2689,jan,2022,s,
495,4759,3500,jan,2022,s,
496,4637,2802,jan,2022,s,
497,3514,2535,jan,2022,s,
498,4301,2123,jan,2022,s,
499,5013,2372,jan,2022,s,
500,4188,2481,jan,2022,s,
501,4760,2529,jan,2022,s,
502,4078,3506,jan,2022,s,
503,4280,3501,jan,2022,s,
504,4742,3157,jan,2022,s,
505,4591,2998,jan,2022,s,
506,5022,3366,jan,2022,s,
507,4496,3305,jan,2022,s,
508,4405,3667,jan,2022,s,
509,4831,3340,jan,2022,s,
510,4795,2782,jan,2022,s,
511,4903,2028,jan,2022,s,
512,4465,3143,jan,2022,s,
513,4743,3717,jan,2022,s,
514,4814,3255,jan,2022,s,
515,4844,2974,jan,2022,s,
516,4423,2058,jan,2022,s,
517,4646,3483,jan,2022,s,
518,4920,3509,jan,2022,s,
519,4857,2093,jan,2022,s,
520,4802,3170,jan,2022,s,
521,4274,3695,jan,2022,s,
522,4809,3300,jan,2022,s,
523,3918,2156,jan,2022,s,
524,4163,3503,jan,2022,s,
525,4907,3342,jan,2022,s,
526,4470,2258,jan,2022,s,
527,4379,2903,jan,2022,s,
528,4849,2190,jan,2022,s,
529,4879,3587,jan,2022,s,
530,3300,993,jan,2022,s,
531,4636,3418,jan,2022,s,
532,3207,2720,jan,2022,s,
533,4509,3341,jan,2022,s,
534,4976,3525,jan,2022,s,
535,4663,3575,jan,2022,s,
536,4738,3563,jan,2022,s,
537,4948,3288,jan,2022,s,
538,4676,3507,jan,2022,s,
539,4354,3430,jan,2022,s,
540,4778,3361,jan,2022,s,
541,3874,3673,jan,2022,s,
542,4771,3499,jan,2022,s,
543,4539,3396,jan,2022,s,
544,4357,3573,jan,2022,s,
545,5018,3683,jan,2022,s,
546,3304,2853,jan,2022,s,
547,4654,3548,jan,2022,s,
548,4604,2794,jan,2022,s,
549,4251,2331,jan,2022,s,
550,4900,3232,jan,2022,s,
551,15,3112,jan,2022,s,
552,4914,3741,jan,2022,s,
553,4700,3470,jan,2022,s,
554,4408,3616,jan,2022,s,
555,4736,3714,jan,2022,s,
556,10,3006,jan,2022,s,
557,4785,3565,jan,2022,s,
558,4683,2945,jan,2022,s,
559,4201,3678,jan,2022,s,
560,4497,2777,jan,2022,s,
561,4670,3526,jan,2022,s,
562,3792,3256,jan,2022,s,
563,4367,3636,jan,2022,s,
564,4938,2643,jan,2022,s,
565,4870,3723,jan,2022,s,
566,4829,3785,jan,2022,s,
567,3060,2711,jan,2022,s,
568,4521,3449,jan,2022,s,
569,4313,3657,jan,2022,s,
570,3643,3578,jan,2022,s,
571,3859,3559,jan,2022,s,
572,4269,3572,jan,2022,s,
573,4628,3674,jan,2022,s,
574,3562,3382,jan,2022,s,
575,4786,3685,jan,2022,s,
576,3142,2027,jan,2022,s,
577,4579,3619,jan,2022,s,
578,4589,3720,jan,2022,s,
579,4596,2690,jan,2022,s,
580,4652,3210,jan,2022,s,
581,4700,3288,jan,2022,s,
582,4586,3624,jan,2022,s,
583,4492,3667,jan,2022,s,
584,4550,2598,jan,2022,s,
585,4558,3235,jan,2022,s,
586,4508,3751,jan,2022,s,
587,4365,3459,jan,2022,s,
588,4180,3031,jan,2022,s,
589,4562,3174,jan,2022,s,
590,4338,3645,jan,2022,s,
591,4576,3452,jan,2022,s,
592,4591,3611,jan,2022,s,
593,4736,3252,jan,2022,s,
594,4723,3639,jan,2022,s,
595,4628,3569,jan,2022,s,
596,4779,3169,jan,2022,s,
597,4600,3387,jan,2022,s,
598,4356,2577,jan,2022,s,
599,4623,3578,jan,2022,s,
600,4516,2695,jan,2022,s,
601,4599,3044,jan,2022,s,
602,3962,2851,jan,2022,s,
603,4707,3561,jan,2022,s,
604,4423,3651,jan,2022,s,
605,4792,3187,jan,2022,s,
606,4651,2612,jan,2022,s,
607,4837,2579,jan,2022,s,
608,4599,3358,jan,2022,s,
609,40,2822,jan,2022,s,
610,4643,3166,jan,2022,s,
611,4218,3435,jan,2022,s,
612,4848,2707,jan,2022,s,
613,4655,3616,jan,2022,s,
614,4563,2707,jan,2022,s,
615,4766,3345,jan,2022,s,
616,4620,3537,jan,2022,s,
617,4452,3183,jan,2022,s,
618,4508,3407,jan,2022,s,
619,3543,2634,jan,2022,s,
620,4412,3556,jan,2022,s,
621,4536,3561,jan,2022,s,
622,4280,3481,jan,2022,s,
623,4509,3102,jan,2022,s,
624,4484,3104,jan,2022,s,
625,40,2727,jan,2022,s,
626,4342,3392,jan,2022,s,
627,4385,2750,jan,2022,s,
628,4736,3278,jan,2022,s,
629,3606,2608,jan,2022,s,
630,4577,2576,jan,2022,s,
631,4323,3427,jan,2022,s,
632,4348,3503,jan,2022,s,
633,4697,3544,jan,2022,s,
634,4784,3704,jan,2022,s,
635,4526,3593,jan,2022,s,
636,4760,2468,jan,2022,s,
637,4763,3508,jan,2022,s,
638,4534,3210,jan,2022,s,
639,4774,3312,jan,2022,s,
640,4683,3328,jan,2022,s,
641,4684,3138,jan,2022,s,
642,4314,3445,jan,2022,s,
643,4487,3545,jan,2022,s,
644,4560,3548,jan,2022,s,
645,4529,3193,jan,2022,s,
646,4637,3269,jan,2022,s,
647,4576,3565,jan,2022,s,
648,4183,3171,jan,2022,s,
649,4385,3542,jan,2022,s,
650,4731,3331,jan,2022,s,
651,188,2781,jan,2022,s,
652,4535,2746,jan,2022,s,
653,4221,3429,jan,2022,s,
654,4374,3618,jan,2022,s,
655,4767,3616,jan,2022,s,
656,4610,2666,jan,2022,s,
657,4526,3505,jan,2022,s,
658,4823,3340,jan,2022,s,
659,4586,3466,jan,2022,s,
660,4446,3461,jan,2022,s,
661,4575,2077,jan,2022,s,
662,4191,3119,jan,2022,s,
663,4421,3476,jan,2022,s,
664,4804,2916,jan,2022,s,
665,4783,3581,jan,2022,s,
666,4227,3462,jan,2022,s,
667,47,2864,jan,2022,s,
668,4587,2402,jan,2022,s,
669,4408,3280,jan,2022,s,
670,4653,2598,jan,2022,s,
671,4532,3594,jan,2022,s,
672,4682,2593,jan,2022,s,
673,4700,3189,jan,2022,s,
674,4527,3522,jan,2022,s,
675,4683,2577,jan,2022,s,
676,4565,2763,jan,2022,s,
677,4737,3426,jan,2022,s,
678,4639,3560,jan,2022,s,
679,4793,2505,jan,2022,s,
680,16,3309,jan,2022,s,
681,4696,3511,jan,2022,s,
682,4568,3257,jan,2022,s,
683,4759,3450,jan,2022,s,
684,4179,2931,jan,2022,s,
685,4409,2256,jan,2022,s,
686,4467,3459,jan,2022,s,
687,4470,3305,jan,2022,s,
688,3882,2414,jan,2022,s,
689,4567,3513,jan,2022,s,
690,18,3470,jan,2022,s,
691,4684,3301,jan,2022,s,
692,4671,3213,jan,2022,s,
693,4126,2684,jan,2022,s,
694,4673,3451,jan,2022,s,
695,4560,3570,jan,2022,s,
696,74,2744,jan,2022,s,
697,4571,3540,jan,2022,s,
698,4560,3486,jan,2022,s,
699,4627,3152,jan,2022,s,
700,4501,2596,jan,2022,s,
701,4759,3618,jan,2022,s,
702,4183,3244,jan,2022,s,
703,4610,3216,jan,2022,s,
704,4292,3127,jan,2022,s,
705,4678,2753,jan,2022,s,
706,4403,3355,jan,2022,s,
707,4523,3267,jan,2022,s,
708,132,2714,jan,2022,s,
709,4240,2736,jan,2022,s,
710,4710,2758,jan,2022,s,
711,4856,2852,jan,2022,s,
712,4624,2583,jan,2022,s,
713,4803,3418,jan,2022,s,
714,4593,2729,jan,2022,s,
715,4703,3442,jan,2022,s,
716,4149,3016,jan,2022,s,
717,4450,3278,jan,2022,s,
718,4638,2544,jan,2022,s,
719,4520,3568,jan,2022,s,
720,4753,3288,jan,2022,s,
721,145,2780,jan,2022,s,
722,4748,3178,jan,2022,s,
723,107,2544,jan,2022,s,
724,8,3142,jan,2022,s,
725,4706,2804,jan,2022,s,
726,4773,2601,jan,2022,s,
727,4470,3353,jan,2022,s,
728,4700,3294,jan,2022,s,
729,4520,3274,jan,2022,s,
730,4467,3248,jan,2022,s,
731,4479,3456,jan,2022,s,
732,4320,2543,jan,2022,s,
733,4522,3487,jan,2022,s,
734,4715,3264,jan,2022,s,
735,4600,3094,jan,2022,s,
736,4717,3336,jan,2022,s,
737,163,2753,jan,2022,s,
738,4589,3304,jan,2022,s,
739,4455,3495,jan,2022,s,
740,4455,3531,jan,2022,s,
741,4262,2724,jan,2022,s,
742,4388,3455,jan,2022,s,
743,100,2872,jan,2022,s,
744,4583,3415,jan,2022,s,
745,4812,3468,jan,2022,s,
746,4694,3366,jan,2022,s,
747,4603,3430,jan,2022,s,
748,4636,3694,jan,2022,s,
749,4475,3398,jan,2022,s,
750,4655,3533,jan,2022,s,
751,4826,3337,jan,2022,s,
752,4609,2544,jan,2022,s,
753,4694,3631,jan,2022,s,
754,4410,3519,jan,2022,s,
755,4541,3436,jan,2022,s,
756,4408,3303,jan,2022,s,
757,4663,3543,jan,2022,s,
758,4634,3475,jan,2022,s,
759,4487,3348,jan,2022,s,
760,3752,2453,jan,2022,s,
761,4531,3247,jan,2022,s,
762,4788,3585,jan,2022,s,
763,3954,2960,jan,2022,s,
764,3801,3078,jan,2022,s,
765,4070,2238,jan,2022,s,
766,3804,2795,jan,2022,s,
767,3846,3072,jan,2022,s,
768,3726,3096,jan,2022,s,
769,3959,3205,jan,2022,s,
770,4212,3064,jan,2022,s,
771,4220,3049,jan,2022,s,
772,4161,3018,jan,2022,s,
773,4036,3102,jan,2022,s,
774,4034,43,jan,2022,s,
775,3133,2063,jan,2022,s,
776,3879,2932,jan,2022,s,
777,4114,3034,jan,2022,s,
778,3481,3007,jan,2022,s,
779,3493,2978,jan,2022,s,
780,3949,3127,jan,2022,s,
781,3755,3125,jan,2022,s,
782,3560,3011,jan,2022,s,
783,4140,3187,jan,2022,s,
784,3848,2895,jan,2022,s,
785,4037,3111,jan,2022,s,
786,4056,3223,jan,2022,s,
787,3796,2980,jan,2022,s,
788,45,3027,jan,2022,s,
789,3413,3119,jan,2022,s,
790,3919,2849,jan,2022,s,
791,3829,2969,jan,2022,s,
792,4157,3002,jan,2022,s,
793,3749,3029,jan,2022,s,
794,3809,2972,jan,2022,s,
795,3455,3067,jan,2022,s,
796,100,2178,jan,2022,s,
797,4091,3100,jan,2022,s,
798,3892,2887,jan,2022,s,
799,3659,3006,jan,2022,s,
800,3730,2988,jan,2022,s,
801,3812,3080,jan,2022,s,
802,3518,3110,jan,2022,s,
803,3568,2736,jan,2022,s,
804,4025,3019,jan,2022,s,
805,3826,3024,jan,2022,s,
806,3687,2839,jan,2022,s,
807,3601,3020,jan,2022,s,
808,3930,2973,jan,2022,s,
809,3564,3110,jan,2022,s,
810,3966,2736,jan,2022,s,
811,3721,3054,jan,2022,s,
812,3518,3084,jan,2022,s,
813,3704,2947,jan,2022,s,
814,3735,3064,jan,2022,s,
815,3939,2965,jan,2022,s,
816,3571,2862,jan,2022,s,
817,3736,6,jan,2022,s,
818,3680,2997,jan,2022,s,
819,3693,2951,jan,2022,s,
820,2886,2339,jan,2022,s,
821,3510,3075,jan,2022,s,
822,3717,2880,jan,2022,s,
823,4058,2818,jan,2022,s,
824,3821,2988,jan,2022,s,
825,3710,3056,jan,2022,s,
826,3932,3115,jan,2022,s,
827,4093,2982,jan,2022,s,
828,3920,2982,jan,2022,s,
829,3582,3120,jan,2022,s,
830,3788,3083,jan,2022,s,
831,3753,2871,jan,2022,s,
832,3418,2889,jan,2022,s,
833,3958,126,jan,2022,s,
834,4064,2726,jan,2022,s,
835,3703,2866,jan,2022,s,
836,3250,2924,jan,2022,s,
837,3388,2962,jan,2022,s,
838,3221,3009,jan,2022,s,
839,4131,2915,jan,2022,s,
840,3550,2812,jan,2022,s,
841,3949,2963,jan,2022,s,
842,3832,68,jan,2022,s,
843,3622,2766,jan,2022,s,
844,3649,2879,jan,2022,s,
845,3682,3006,jan,2022,s,
846,3788,2991,jan,2022,s,
847,3337,2925,jan,2022,s,
848,3747,3015,jan,2022,s,
849,3807,3029,jan,2022,s,
850,3885,45,jan,2022,s,
851,3623,2968,jan,2022,s,
852,35,2962,jan,2022,s,
853,4118,3025,jan,2022,s,
854,3645,2991,jan,2022,s,
855,3883,2990,jan,2022,s,
856,124,3062,jan,2022,s,
857,3454,52,jan,2022,s,
858,4065,2800,jan,2022,s,
859,4008,2918,jan,2022,s,
860,4167,2933,jan,2022,s,
861,4168,2869,jan,2022,s,
862,4073,2305,jan,2022,s,
863,3617,3076,jan,2022,s,
864,4015,2968,jan,2022,s,
865,3390,2782,jan,2022,s,
866,4058,3040,jan,2022,s,
867,4098,2569,jan,2022,s,
868,30,3171,jan,2022,s,
869,4090,3069,jan,2022,s,
870,3901,3008,jan,2022,s,
871,4101,56,jan,2022,s,
872,3794,2800,jan,2022,s,
873,3586,2771,jan,2022,s,
874,3348,3034,jan,2022,s,
875,4235,2869,jan,2022,s,
876,4063,2998,jan,2022,s,
877,3752,3162,jan,2022,s,
878,3134,32,jan,2022,s,
879,3927,2994,jan,2022,s,
880,4038,3005,jan,2022,s,
881,3752,3086,jan,2022,s,
882,3702,2936,jan,2022,s,
883,3711,2702,jan,2022,s,
884,3734,2610,jan,2022,s,
885,4203,1790,jan,2022,s,
886,4017,1633,jan,2022,s,
887,3447,2765,jan,2022,s,
888,3127,2883,jan,2022,s,
889,4080,3080,jan,2022,s,
890,4128,2917,jan,2022,s,
891,4136,2433,jan,2022,s,
892,59,2843,jan,2022,s,
893,4062,2743,jan,2022,s,
894,4127,2215,jan,2022,s,
895,4228,2070,jan,2022,s,
896,4097,1735,jan,2022,s,
897,4075,2564,jan,2022,s,
898,4225,2297,jan,2022,s,
899,3832,2847,jan,2022,s,
900,4111,2985,jan,2022,s,
901,4126,2778,jan,2022,s,
902,4090,2657,jan,2022,s,
903,3852,1614,jan,2022,s,
904,4175,1648,jan,2022,s,
905,4018,2223,jan,2022,s,
906,4018,2878,jan,2022,s,
907,19,2117,jan,2022,s,
908,4107,2388,jan,2022,s,
909,4232,2069,jan,2022,s,
910,4251,2761,jan,2022,s,
911,4059,3182,jan,2022,s,
912,3957,1375,jan,2022,s,
913,4230,2561,jan,2022,s,
914,4041,2278,jan,2022,s,
915,4154,3005,jan,2022,s,
916,14,2972,jan,2022,s,
917,4028,2678,jan,2022,s,
918,3833,2645,jan,2022,s,
919,4101,2638,jan,2022,s,
920,2376,1373,jan,2022,s,
921,4220,2663,jan,2022,s,
922,4224,2906,jan,2022,s,
923,4159,2643,jan,2022,s,
924,4256,2884,jan,2022,s,
925,4214,1540,jan,2022,s,
926,4024,3046,jan,2022,s,
927,2224,717,jan,2022,s,
928,4113,2971,jan,2022,s,
929,4172,2305,jan,2022,s,
930,3784,1666,jan,2022,s,
931,4303,2932,jan,2022,s,
932,4179,2937,jan,2022,s,
933,4263,2651,jan,2022,s,
934,3965,3003,jan,2022,s,
935,4152,2505,jan,2022,s,
936,4243,2848,jan,2022,s,
937,3578,2834,jan,2022,s,
938,4085,2938,jan,2022,s,
939,3983,2771,jan,2022,s,
940,4135,1747,jan,2022,s,
941,141,2611,jan,2022,s,
942,3857,1599,jan,2022,s,
943,3941,3046,jan,2022,s,
944,4074,2990,jan,2022,s,
945,4287,2306,jan,2022,s,
946,4304,2071,jan,2022,s,
947,4050,2828,jan,2022,s,
948,4235,2715,jan,2022,s,
949,5,2463,jan,2022,s,
950,4099,2814,jan,2022,s,
951,17,2991,jan,2022,s,
952,4208,2843,jan,2022,s,
953,4123,2742,jan,2022,s,
954,5,2326,jan,2022,s,
955,4108,2596,jan,2022,s,
956,4199,2099,jan,2022,s,
957,4101,1463,jan,2022,s,
958,23,2703,jan,2022,s,
959,4189,2404,jan,2022,s,
960,3956,2897,jan,2022,s,
961,3755,2615,jan,2022,s,
962,4159,2946,jan,2022,s,
963,4258,1430,jan,2022,s,
964,4107,2757,jan,2022,s,
965,4200,2403,jan,2022,s,
966,18,2270,jan,2022,s,
967,2792,1902,jan,2022,s,
968,4129,2299,jan,2022,s,
969,4049,2862,jan,2022,s,
970,4209,2837,jan,2022,s,
971,4059,2852,jan,2022,s,
972,3893,2867,jan,2022,s,
973,3833,1550,jan,2022,s,
974,4252,1041,jan,2022,s,
975,4215,2324,jan,2022,s,
976,4153,2514,jan,2022,s,
977,4112,2885,jan,2022,s,
978,4230,2429,jan,2022,s,
979,4187,2848,jan,2022,s,
980,4255,2325,jan,2022,s,
981,4161,2387,jan,2022,s,
982,4004,1538,jan,2022,s,
983,2004,1702,jan,2022,s,
984,2,2928,jan,2022,s,
985,31,2103,jan,2022,s,
986,3920,2575,jan,2022,s,
987,3869,1932,jan,2022,s,
988,3665,3073,jan,2022,s,
989,3047,1360,jan,2022,s,
990,4253,2267,jan,2022,s,
991,4080,2833,jan,2022,s,
992,3819,1648,jan,2022,s,
993,6,2971,jan,2022,s,
994,4249,2329,jan,2022,s,
995,4248,2695,jan,2022,s,
996,20,2253,jan,2022,s,
997,4043,2190,jan,2022,s,
998,1805,2375,jan,2022,s,
999,3758,2331,jan,2022,s,
1000,4100,1645,jan,2022,s,
1001,4139,2772,jan,2022,s,
1002,3762,2499,jan,2022,s,
1003,3912,1658,jan,2022,s,
1004,4047,2630,jan,2022,s,
1005,3739,2732,jan,2022,s,
1006,4056,2730,jan,2022,s,
1007,3972,1605,jan,2022,s,
1008,4283,1250,jan,2022,s,
1009,3321,2899,jan,2022,s,
1010,4161,887,jan,2022,s,
1011,4169,1583,jan,2022,s,
1012,2531,1695,jan,2022,s,
1013,3831,2833,jan,2022,s,
1014,4182,2252,jan,2022,s,
1015,3821,2914,jan,2022,s,
1016,4233,2475,jan,2022,s,
1017,3531,1663,jan,2022,s,
1018,4240,2027,jan,2022,s,
1019,3824,2561,jan,2022,s,
1020,4170,2590,jan,2022,s,
1021,4193,2402,jan,2022,s,
1022,3863,1019,jan,2022,s,
1023,3494,1971,jan,2022,s,
1024,3776,1516,jan,2022,s,
1025,4109,2385,jan,2022,s,
1026,4196,2253,jan,2022,s,
1027,3535,1739,jan,2022,s,
1028,2962,1778,jan,2022,s,
1029,4098,2671,jan,2022,s,
1030,4213,2289,jan,2022,s,
1031,4210,2478,jan,2022,s,
1032,4170,2163,jan,2022,s,
1033,12,2206,jan,2022,s,
1034,4133,2549,jan,2022,s,
1035,4216,2356,jan,2022,s,
1036,4085,1598,jan,2022,s,
1037,3939,3031,jan,2022,s,
1038,64,2443,jan,2022,s,
1039,4160,2164,jan,2022,s,
1040,3349,2725,jan,2022,s,
1041,48,2179,jan,2022,s,
1042,3,3034,jan,2022,s,
1043,4261,1483,jan,2022,s,
1044,3419,1972,jan,2022,s,
1045,4177,2142,jan,2022,s,
1046,4099,2415,jan,2022,s,
1047,4193,2643,jan,2022,s,
1048,2896,1954,jan,2022,s,
1049,4230,1263,jan,2022,s,
1050,3739,2657,jan,2022,s,
1051,3786,2391,jan,2022,s,
1052,4163,2209,jan,2022,s,
1053,3894,2729,jan,2022,s,
1054,4147,2900,jan,2022,s,
1055,2046,1989,jan,2022,s,
1056,4136,3019,jan,2022,s,
1057,3948,2794,jan,2022,s,
1058,3960,2970,jan,2022,s,
1059,4200,2771,jan,2022,s,
1060,3873,2231,jan,2022,s,
1061,4195,2495,jan,2022,s,
1062,4209,3014,jan,2022,s,
1063,4140,2680,jan,2022,s,
1064,3949,1430,jan,2022,s,
1065,3712,2537,jan,2022,s,
1066,70,1474,jan,2022,s,
1067,4057,2860,jan,2022,s,
1068,1884,1024,jan,2022,s,
1069,3399,1806,jan,2022,s,
1070,3936,2502,jan,2022,s,
1071,4176,2354,jan,2022,s,
1072,4013,2589,jan,2022,s,
1073,95,2747,jan,2022,s,
1074,4081,2401,jan,2022,s,
1075,3883,1257,jan,2022,s,
1076,3479,2554,jan,2022,s,
1077,3834,2805,jan,2022,s,
1078,4289,2433,jan,2022,s,
1079,3967,2104,jan,2022,s,
1080,4008,2819,jan,2022,s,
1081,4166,2891,jan,2022,s,
1082,4237,2718,jan,2022,s,
1083,4046,3128,jan,2022,s,
1084,4282,2806,jan,2022,s,
1085,3969,2951,jan,2022,s,
1086,3998,2835,jan,2022,s,
1087,4223,1710,jan,2022,s,
1088,4158,2729,jan,2022,s,
1089,4185,2341,jan,2022,s,
1090,4023,2625,jan,2022,s,
1091,3981,2759,jan,2022,s,
1092,3922,2489,jan,2022,s,
1093,2799,856,jan,2022,s,
1094,42,1349,jan,2022,s,
1095,4120,2993,jan,2022,s,
1096,4013,2855,jan,2022,s,
1097,3932,2591,jan,2022,s,
1098,4198,2945,jan,2022,s,
1099,4142,2944,jan,2022,s,
1100,4250,2557,jan,2022,s,
1101,4026,2948,jan,2022,s,
1102,4214,2882,jan,2022,s,
1103,4051,2779,jan,2022,s,
1104,4250,2988,jan,2022,s,
1105,3868,2547,jan,2022,s,
1106,77,2298,jan,2022,s,
1107,4257,2509,jan,2022,s,
1108,3993,2766,jan,2022,s,
1109,4230,2903,jan,2022,s,
1110,3970,2887,jan,2022,s,
1111,4123,2690,jan,2022,s,
1112,3936,2655,jan,2022,s,
1113,4228,2368,jan,2022,s,
1114,3440,2845,jan,2022,s,
1115,4074,2256,jan,2022,s,
1116,2642,1605,jan,2022,s,
1117,3502,2937,jan,2022,s,
1118,4148,2888,jan,2022,s,
1119,3814,1731,jan,2022,s,
1120,4185,2681,jan,2022,s,
1121,3897,2224,jan,2022,s,
1122,4252,2736,jan,2022,s,
1123,21,2375,jan,2022,s,
1124,3128,1741,jan,2022,s,
1125,3195,1913,jan,2022,s,
1126,3104,2354,jan,2022,s,
1127,3004,1882,jan,2022,s,
1128,3250,1932,jan,2022,s,
1129,3172,2232,jan,2022,s,
1130,3036,1791,jan,2022,s,
1131,3269,2010,jan,2022,s,
1132,3092,2174,jan,2022,s,
1133,3254,1851,jan,2022,s,
